"","x"
"AAACCTGCATATACGC","Pt15_POD1194"
"AAACCTGCATTATCTC","Pt15_POD1194"
"AAACCTGTCCCGGATG","Pt15_POD1194"
"AAACGGGCATTGGCGC","Pt15_POD1194"
"AAACGGGGTATAGTAG","Pt15_POD1194"
"AAACGGGGTGAGTGAC","Pt15_POD1194"
"AAACGGGTCGGACAAG","Pt15_POD1194"
"AAACGGGTCGGTGTTA","Pt15_POD1194"
"AAAGATGAGGTGTTAA","Pt15_POD1194"
"AAAGATGCACATCCAA","Pt15_POD1194"
"AAAGATGCACCCAGTG","Pt15_POD1194"
"AAAGATGCACTGAAGG","Pt15_POD1194"
"AAAGATGTCTGCCCTA","Pt15_POD1194"
"AAAGCAAAGACTAAGT","Pt15_POD1194"
"AAAGCAAAGATCACGG","Pt15_POD1194"
"AAAGCAACATACGCTA","Pt15_POD1194"
"AAAGCAATCATGCAAC","Pt15_POD1194"
"AAAGCAATCTCTAAGG","Pt15_POD1194"
"AAAGTAGAGCTACCTA","Pt15_POD1194"
"AAAGTAGGTAAGAGGA","Pt15_POD1194"
"AAAGTAGGTACTCGCG","Pt15_POD1194"
"AAAGTAGGTTCAGCGC","Pt15_POD1194"
"AAAGTAGTCCTGCAGG","Pt15_POD1194"
"AAAGTAGTCGTGGGAA","Pt15_POD1194"
"AAATGCCAGCGTGAAC","Pt15_POD1194"
"AAATGCCTCCAAATGC","Pt15_POD1194"
"AAATGCCTCTGATACG","Pt15_POD1194"
"AACACGTAGCTGCGAA","Pt15_POD1194"
"AACACGTAGGCCCTCA","Pt15_POD1194"
"AACACGTCAATAAGCA","Pt15_POD1194"
"AACACGTGTGAAAGAG","Pt15_POD1194"
"AACACGTTCCGCATCT","Pt15_POD1194"
"AACACGTTCGCCTGTT","Pt15_POD1194"
"AACACGTTCGTCTGCT","Pt15_POD1194"
"AACCATGAGCTAGTGG","Pt15_POD1194"
"AACCATGAGTGGACGT","Pt15_POD1194"
"AACCATGCACCAGCAC","Pt15_POD1194"
"AACCATGTCATGCAAC","Pt15_POD1194"
"AACCGCGAGGGATACC","Pt15_POD1194"
"AACCGCGGTTCCGTCT","Pt15_POD1194"
"AACCGCGTCGAGCCCA","Pt15_POD1194"
"AACGTTGCAAGCCGTC","Pt15_POD1194"
"AACGTTGCATGGTTGT","Pt15_POD1194"
"AACGTTGTCAATCACG","Pt15_POD1194"
"AACTCAGCACGGTAAG","Pt15_POD1194"
"AACTCAGGTCAAGCGA","Pt15_POD1194"
"AACTCAGGTTCACCTC","Pt15_POD1194"
"AACTCAGTCAACGGGA","Pt15_POD1194"
"AACTCAGTCTGCAAGT","Pt15_POD1194"
"AACTCCCCATTGGGCC","Pt15_POD1194"
"AACTCTTAGGTGGGTT","Pt15_POD1194"
"AACTCTTGTCTGGTCG","Pt15_POD1194"
"AACTCTTGTTATGCGT","Pt15_POD1194"
"AACTCTTTCCAAACTG","Pt15_POD1194"
"AACTGGTAGTCGATAA","Pt15_POD1194"
"AACTGGTCAGCCACCA","Pt15_POD1194"
"AACTGGTCAGCTATTG","Pt15_POD1194"
"AACTGGTGTCATTAGC","Pt15_POD1194"
"AACTGGTGTTGAGGTG","Pt15_POD1194"
"AACTGGTTCGGAAATA","Pt15_POD1194"
"AACTTTCAGGAATTAC","Pt15_POD1194"
"AACTTTCAGGCAGGTT","Pt15_POD1194"
"AACTTTCTCAACGCTA","Pt15_POD1194"
"AACTTTCTCCCAAGAT","Pt15_POD1194"
"AACTTTCTCGTTACGA","Pt15_POD1194"
"AAGACCTAGAGTCTGG","Pt15_POD1194"
"AAGACCTAGCCGCCTA","Pt15_POD1194"
"AAGACCTAGGTCATCT","Pt15_POD1194"
"AAGACCTTCAACCATG","Pt15_POD1194"
"AAGCCGCAGAGAGCTC","Pt15_POD1194"
"AAGCCGCAGCCTATGT","Pt15_POD1194"
"AAGCCGCAGTTTCCTT","Pt15_POD1194"
"AAGCCGCCAGGCTCAC","Pt15_POD1194"
"AAGCCGCCATTCTTAC","Pt15_POD1194"
"AAGCCGCTCGGGAGTA","Pt15_POD1194"
"AAGCCGCTCTCTTGAT","Pt15_POD1194"
"AAGGAGCAGAAACGAG","Pt15_POD1194"
"AAGGAGCAGACTAGGC","Pt15_POD1194"
"AAGGAGCAGACTGTAA","Pt15_POD1194"
"AAGGAGCAGGATGGAA","Pt15_POD1194"
"AAGGAGCCAAAGCAAT","Pt15_POD1194"
"AAGGAGCCACGACTCG","Pt15_POD1194"
"AAGGAGCCAGCCTATA","Pt15_POD1194"
"AAGGAGCGTCTCACCT","Pt15_POD1194"
"AAGGAGCGTCTCTTAT","Pt15_POD1194"
"AAGGAGCGTGCCTGCA","Pt15_POD1194"
"AAGGAGCGTGTCCTCT","Pt15_POD1194"
"AAGGAGCTCCTTCAAT","Pt15_POD1194"
"AAGGAGCTCTCGCTTG","Pt15_POD1194"
"AAGGCAGCAGCCAATT","Pt15_POD1194"
"AAGGCAGGTGCAGGTA","Pt15_POD1194"
"AAGGCAGTCATTCACT","Pt15_POD1194"
"AAGGCAGTCCTTTCGG","Pt15_POD1194"
"AAGGCAGTCGTGGTCG","Pt15_POD1194"
"AAGGTTCCAAGGGTCA","Pt15_POD1194"
"AAGGTTCCAGAGTGTG","Pt15_POD1194"
"AAGGTTCCATTCACTT","Pt15_POD1194"
"AAGGTTCGTCTAGCGC","Pt15_POD1194"
"AAGGTTCTCATCATTC","Pt15_POD1194"
"AAGGTTCTCGTACGGC","Pt15_POD1194"
"AAGTCTGAGCTAACAA","Pt15_POD1194"
"AAGTCTGCACAGTCGC","Pt15_POD1194"
"AAGTCTGCACGGACAA","Pt15_POD1194"
"AAGTCTGCATCGGACC","Pt15_POD1194"
"AAGTCTGGTAAATACG","Pt15_POD1194"
"AAGTCTGGTCTAACGT","Pt15_POD1194"
"AAGTCTGGTTACGTCA","Pt15_POD1194"
"AATCCAGCACACCGAC","Pt15_POD1194"
"AATCCAGCAGCTGTAT","Pt15_POD1194"
"AATCCAGCATGACATC","Pt15_POD1194"
"AATCCAGCATGTTGAC","Pt15_POD1194"
"AATCCAGTCATCGATG","Pt15_POD1194"
"AATCCAGTCCTTAATC","Pt15_POD1194"
"AATCCAGTCTCTGTCG","Pt15_POD1194"
"AATCGGTAGAGATGAG","Pt15_POD1194"
"AATCGGTAGGCATGTG","Pt15_POD1194"
"AATCGGTAGGTGCTAG","Pt15_POD1194"
"AATCGGTCAACCGCCA","Pt15_POD1194"
"AATCGGTTCAACACAC","Pt15_POD1194"
"AATCGGTTCCAGAAGG","Pt15_POD1194"
"AATCGGTTCGTTTGCC","Pt15_POD1194"
"ACACCAAAGGCTAGAC","Pt15_POD1194"
"ACACCAAAGTATCGAA","Pt15_POD1194"
"ACACCAACAATGGAAT","Pt15_POD1194"
"ACACCAACACCGAATT","Pt15_POD1194"
"ACACCAACACCTATCC","Pt15_POD1194"
"ACACCAACATTTCACT","Pt15_POD1194"
"ACACCAAGTAACGTTC","Pt15_POD1194"
"ACACCAATCCGAAGAG","Pt15_POD1194"
"ACACCCTAGATCCTGT","Pt15_POD1194"
"ACACCCTAGATGCGAC","Pt15_POD1194"
"ACACCCTAGCCAACAG","Pt15_POD1194"
"ACACCCTCAGTCCTTC","Pt15_POD1194"
"ACACCCTCATCGATGT","Pt15_POD1194"
"ACACCCTTCTCGAGTA","Pt15_POD1194"
"ACACCGGCACAACGTT","Pt15_POD1194"
"ACACCGGCACGGTAAG","Pt15_POD1194"
"ACACCGGGTAGAGTGC","Pt15_POD1194"
"ACACCGGGTCTAGGTT","Pt15_POD1194"
"ACACCGGTCCCAAGTA","Pt15_POD1194"
"ACACTGAAGAGTCGGT","Pt15_POD1194"
"ACACTGAGTGAAATCA","Pt15_POD1194"
"ACACTGATCGTTTAGG","Pt15_POD1194"
"ACACTGATCTACTATC","Pt15_POD1194"
"ACAGCCGAGCGACGTA","Pt15_POD1194"
"ACAGCCGGTCTGGAGA","Pt15_POD1194"
"ACAGCCGGTTCCCTTG","Pt15_POD1194"
"ACAGCCGTCTGAAAGA","Pt15_POD1194"
"ACAGCTAAGTACCGGA","Pt15_POD1194"
"ACAGCTACATCCCATC","Pt15_POD1194"
"ACAGCTAGTATAGTAG","Pt15_POD1194"
"ACAGCTAGTCTCATCC","Pt15_POD1194"
"ACAGCTAGTGCTCTTC","Pt15_POD1194"
"ACAGCTATCATGTCTT","Pt15_POD1194"
"ACAGCTATCGGCGCTA","Pt15_POD1194"
"ACATACGCAAGTCATC","Pt15_POD1194"
"ACATACGCAATGTTGC","Pt15_POD1194"
"ACATACGGTAGCCTCG","Pt15_POD1194"
"ACATACGTCTCCGGTT","Pt15_POD1194"
"ACATCAGAGATCTGAA","Pt15_POD1194"
"ACATCAGAGGCATGGT","Pt15_POD1194"
"ACATCAGCATTTCACT","Pt15_POD1194"
"ACATCAGGTCGCATAT","Pt15_POD1194"
"ACATCAGTCAGAAATG","Pt15_POD1194"
"ACATCAGTCGTGGTCG","Pt15_POD1194"
"ACATGGTAGAGGACGG","Pt15_POD1194"
"ACATGGTAGCACCGCT","Pt15_POD1194"
"ACATGGTCACTCTGTC","Pt15_POD1194"
"ACATGGTGTGTATGGG","Pt15_POD1194"
"ACCAGTAAGCTATGCT","Pt15_POD1194"
"ACCAGTAAGTTGAGAT","Pt15_POD1194"
"ACCAGTACACTTAAGC","Pt15_POD1194"
"ACCAGTACAGAAGCAC","Pt15_POD1194"
"ACCAGTAGTGTGACGA","Pt15_POD1194"
"ACCAGTAGTTTGACTG","Pt15_POD1194"
"ACCAGTATCATAGCAC","Pt15_POD1194"
"ACCAGTATCCGTCAAA","Pt15_POD1194"
"ACCAGTATCCTACAGA","Pt15_POD1194"
"ACCCACTAGATCCTGT","Pt15_POD1194"
"ACCCACTAGTGTCCCG","Pt15_POD1194"
"ACCCACTAGTGTGAAT","Pt15_POD1194"
"ACCCACTCAGCTATTG","Pt15_POD1194"
"ACCCACTTCCTAGTGA","Pt15_POD1194"
"ACCCACTTCTATCCCG","Pt15_POD1194"
"ACCGTAACAAGGTTCT","Pt15_POD1194"
"ACCGTAAGTAGAGGAA","Pt15_POD1194"
"ACCGTAAGTGTCAATC","Pt15_POD1194"
"ACCGTAATCTGCGTAA","Pt15_POD1194"
"ACCTTTAAGGACCACA","Pt15_POD1194"
"ACCTTTACAAACGCGA","Pt15_POD1194"
"ACCTTTACAGAGCCAA","Pt15_POD1194"
"ACCTTTAGTGTAACGG","Pt15_POD1194"
"ACCTTTAGTTTGTTTC","Pt15_POD1194"
"ACCTTTATCCATGCTC","Pt15_POD1194"
"ACCTTTATCTACCTGC","Pt15_POD1194"
"ACGAGCCAGGAGTTGC","Pt15_POD1194"
"ACGAGCCCACGGCTAC","Pt15_POD1194"
"ACGAGCCCATCACGAT","Pt15_POD1194"
"ACGAGCCGTCTGATCA","Pt15_POD1194"
"ACGAGCCTCTGCTGTC","Pt15_POD1194"
"ACGAGGAAGCTAACAA","Pt15_POD1194"
"ACGAGGACAGCGTTCG","Pt15_POD1194"
"ACGAGGACATGAGCGA","Pt15_POD1194"
"ACGAGGATCCTCAATT","Pt15_POD1194"
"ACGATACAGCGTTCCG","Pt15_POD1194"
"ACGATACAGGCTAGGT","Pt15_POD1194"
"ACGATACGTAGTACCT","Pt15_POD1194"
"ACGATACGTCTTGTCC","Pt15_POD1194"
"ACGATGTAGAAACGCC","Pt15_POD1194"
"ACGATGTCACCTGGTG","Pt15_POD1194"
"ACGATGTGTCTGATTG","Pt15_POD1194"
"ACGATGTTCACCTCGT","Pt15_POD1194"
"ACGCAGCAGGCTCATT","Pt15_POD1194"
"ACGCAGCCAATCGGTT","Pt15_POD1194"
"ACGCAGCCACTGCCAG","Pt15_POD1194"
"ACGCAGCGTGCGGTAA","Pt15_POD1194"
"ACGCAGCTCATACGGT","Pt15_POD1194"
"ACGCAGCTCTATCGCC","Pt15_POD1194"
"ACGCCAGAGACACTAA","Pt15_POD1194"
"ACGCCAGCACCTCGGA","Pt15_POD1194"
"ACGCCAGGTAATAGCA","Pt15_POD1194"
"ACGCCAGGTCAACATC","Pt15_POD1194"
"ACGCCAGGTCCAGTTA","Pt15_POD1194"
"ACGCCAGGTCTCGTTC","Pt15_POD1194"
"ACGCCAGGTGTTCGAT","Pt15_POD1194"
"ACGCCGAAGATGCCAG","Pt15_POD1194"
"ACGCCGAAGTGAAGAG","Pt15_POD1194"
"ACGCCGACACGGCGTT","Pt15_POD1194"
"ACGCCGACAGACACTT","Pt15_POD1194"
"ACGCCGATCATGTAGC","Pt15_POD1194"
"ACGCCGATCTTGACGA","Pt15_POD1194"
"ACGGAGAAGAAACCAT","Pt15_POD1194"
"ACGGAGAAGAAACGAG","Pt15_POD1194"
"ACGGAGAAGACTAAGT","Pt15_POD1194"
"ACGGAGACACCCTATC","Pt15_POD1194"
"ACGGAGACAGTCGATT","Pt15_POD1194"
"ACGGAGAGTAGGGTAC","Pt15_POD1194"
"ACGGAGAGTCAATACC","Pt15_POD1194"
"ACGGAGAGTGATGATA","Pt15_POD1194"
"ACGGAGATCGATCCCT","Pt15_POD1194"
"ACGGAGATCGTTACGA","Pt15_POD1194"
"ACGGCCACACAAGACG","Pt15_POD1194"
"ACGGCCACATATGGTC","Pt15_POD1194"
"ACGGCCATCAACACTG","Pt15_POD1194"
"ACGGCCATCAATACCG","Pt15_POD1194"
"ACGGCCATCCCAAGAT","Pt15_POD1194"
"ACGGGCTCAATAACGA","Pt15_POD1194"
"ACGGGCTGTATGAAAC","Pt15_POD1194"
"ACGGGCTTCATAACCG","Pt15_POD1194"
"ACGGGCTTCGCCCTTA","Pt15_POD1194"
"ACGGGCTTCTTGTACT","Pt15_POD1194"
"ACGGGTCAGATCACGG","Pt15_POD1194"
"ACGGGTCAGCAATATG","Pt15_POD1194"
"ACGGGTCGTTCACGGC","Pt15_POD1194"
"ACGGGTCTCAGCTCGG","Pt15_POD1194"
"ACGGGTCTCCTATTCA","Pt15_POD1194"
"ACGGGTCTCTAAGCCA","Pt15_POD1194"
"ACGTCAATCCGCGGTA","Pt15_POD1194"
"ACTATCTCACATTCGA","Pt15_POD1194"
"ACTATCTGTGACGCCT","Pt15_POD1194"
"ACTATCTTCTACGAGT","Pt15_POD1194"
"ACTATCTTCTGCTGTC","Pt15_POD1194"
"ACTGAACAGAGTCGGT","Pt15_POD1194"
"ACTGAACCATGCCCGA","Pt15_POD1194"
"ACTGAACGTCTGCCAG","Pt15_POD1194"
"ACTGAACTCCTCGCAT","Pt15_POD1194"
"ACTGAACTCCTTAATC","Pt15_POD1194"
"ACTGAGTAGGCATGGT","Pt15_POD1194"
"ACTGAGTGTTCGGGCT","Pt15_POD1194"
"ACTGATGAGCCGTCGT","Pt15_POD1194"
"ACTGATGCAACACGCC","Pt15_POD1194"
"ACTGATGCAGCCAGAA","Pt15_POD1194"
"ACTGATGCATGGAATA","Pt15_POD1194"
"ACTGATGTCAACACCA","Pt15_POD1194"
"ACTGATGTCCACTGGG","Pt15_POD1194"
"ACTGATGTCTCCTATA","Pt15_POD1194"
"ACTGATGTCTTGCCGT","Pt15_POD1194"
"ACTGCTCAGAAGATTC","Pt15_POD1194"
"ACTGCTCCAACTTGAC","Pt15_POD1194"
"ACTGCTCGTCTCACCT","Pt15_POD1194"
"ACTGCTCGTTACTGAC","Pt15_POD1194"
"ACTGTCCCATGACGGA","Pt15_POD1194"
"ACTGTCCGTACATGTC","Pt15_POD1194"
"ACTGTCCGTCGCGGTT","Pt15_POD1194"
"ACTGTCCGTCTAAAGA","Pt15_POD1194"
"ACTGTCCGTGGGTATG","Pt15_POD1194"
"ACTGTCCTCTGCTGCT","Pt15_POD1194"
"ACTTACTAGCCCAATT","Pt15_POD1194"
"ACTTACTCACCACGTG","Pt15_POD1194"
"ACTTGTTCAATCTGCA","Pt15_POD1194"
"ACTTGTTGTAAGAGGA","Pt15_POD1194"
"ACTTGTTGTGTGACCC","Pt15_POD1194"
"ACTTGTTGTGTTTGGT","Pt15_POD1194"
"ACTTGTTTCCGCAAGC","Pt15_POD1194"
"ACTTGTTTCTTGTCAT","Pt15_POD1194"
"ACTTTCACATCCGTGG","Pt15_POD1194"
"ACTTTCAGTTGCGCAC","Pt15_POD1194"
"ACTTTCATCAATAAGG","Pt15_POD1194"
"ACTTTCATCCTACAGA","Pt15_POD1194"
"ACTTTCATCCTATGTT","Pt15_POD1194"
"AGAATAGAGAGCAATT","Pt15_POD1194"
"AGAATAGCAGGACCCT","Pt15_POD1194"
"AGAATAGGTGTAACGG","Pt15_POD1194"
"AGAATAGTCATGTCCC","Pt15_POD1194"
"AGAATAGTCTGGTTCC","Pt15_POD1194"
"AGACGTTAGCAATATG","Pt15_POD1194"
"AGACGTTAGTGGTAAT","Pt15_POD1194"
"AGAGCGAGTTACGGAG","Pt15_POD1194"
"AGAGCTTCACACCGAC","Pt15_POD1194"
"AGAGCTTCATTATCTC","Pt15_POD1194"
"AGAGCTTGTATATGAG","Pt15_POD1194"
"AGAGCTTTCGACGGAA","Pt15_POD1194"
"AGAGTGGAGCGTAGTG","Pt15_POD1194"
"AGAGTGGCAAACAACA","Pt15_POD1194"
"AGAGTGGCACCGAAAG","Pt15_POD1194"
"AGAGTGGCAGGAATGC","Pt15_POD1194"
"AGAGTGGGTATAAACG","Pt15_POD1194"
"AGAGTGGGTCTAGGTT","Pt15_POD1194"
"AGAGTGGTCGGTGTTA","Pt15_POD1194"
"AGAGTGGTCTAGCACA","Pt15_POD1194"
"AGATCTGGTGCGCTTG","Pt15_POD1194"
"AGATCTGTCCGTTGTC","Pt15_POD1194"
"AGATCTGTCCTTTCTC","Pt15_POD1194"
"AGATCTGTCTTGAGAC","Pt15_POD1194"
"AGATTGCGTAGCTTGT","Pt15_POD1194"
"AGATTGCGTGACAAAT","Pt15_POD1194"
"AGATTGCTCTAACTTC","Pt15_POD1194"
"AGCAGCCCAAATTGCC","Pt15_POD1194"
"AGCAGCCGTACCATCA","Pt15_POD1194"
"AGCAGCCGTCTAGCCG","Pt15_POD1194"
"AGCAGCCTCAGGCAAG","Pt15_POD1194"
"AGCAGCCTCCTCTAGC","Pt15_POD1194"
"AGCATACAGACTAGAT","Pt15_POD1194"
"AGCATACCAGCTGTAT","Pt15_POD1194"
"AGCATACCAGGCAGTA","Pt15_POD1194"
"AGCATACCATTCACTT","Pt15_POD1194"
"AGCATACGTATAATGG","Pt15_POD1194"
"AGCATACTCAATCTCT","Pt15_POD1194"
"AGCATACTCTACTTAC","Pt15_POD1194"
"AGCATACTCTGTCAAG","Pt15_POD1194"
"AGCCTAAAGACAAAGG","Pt15_POD1194"
"AGCCTAACAATAGAGT","Pt15_POD1194"
"AGCCTAAGTGACGGTA","Pt15_POD1194"
"AGCCTAAGTTCCACGG","Pt15_POD1194"
"AGCCTAATCAACCATG","Pt15_POD1194"
"AGCCTAATCTCTTGAT","Pt15_POD1194"
"AGCGGTCAGCTACCGC","Pt15_POD1194"
"AGCGGTCAGGCTCAGA","Pt15_POD1194"
"AGCGGTCTCTGTACGA","Pt15_POD1194"
"AGCGTATAGATAGTCA","Pt15_POD1194"
"AGCGTATAGCGATCCC","Pt15_POD1194"
"AGCGTATAGCGTGAGT","Pt15_POD1194"
"AGCGTATGTGTCCTCT","Pt15_POD1194"
"AGCGTATGTTCAGTAC","Pt15_POD1194"
"AGCTCCTGTCGGCTCA","Pt15_POD1194"
"AGCTCTCAGTACACCT","Pt15_POD1194"
"AGCTCTCAGTCAAGCG","Pt15_POD1194"
"AGCTCTCCATTTCAGG","Pt15_POD1194"
"AGCTCTCTCTATGTGG","Pt15_POD1194"
"AGCTTGACACACGCTG","Pt15_POD1194"
"AGCTTGACACTACAGT","Pt15_POD1194"
"AGCTTGACATCGATGT","Pt15_POD1194"
"AGCTTGACATTAGGCT","Pt15_POD1194"
"AGCTTGAGTATCAGTC","Pt15_POD1194"
"AGCTTGAGTCTCTCTG","Pt15_POD1194"
"AGCTTGATCATCACCC","Pt15_POD1194"
"AGCTTGATCGCCAAAT","Pt15_POD1194"
"AGCTTGATCTCCAACC","Pt15_POD1194"
"AGGCCACAGGGTATCG","Pt15_POD1194"
"AGGCCACAGGTTCCTA","Pt15_POD1194"
"AGGCCACCAGACAAGC","Pt15_POD1194"
"AGGCCACGTATCAGTC","Pt15_POD1194"
"AGGCCACGTCCAACTA","Pt15_POD1194"
"AGGCCACTCGATCCCT","Pt15_POD1194"
"AGGCCGTAGTCGCCGT","Pt15_POD1194"
"AGGCCGTCAACTGCGC","Pt15_POD1194"
"AGGCCGTCAATAGCAA","Pt15_POD1194"
"AGGCCGTGTCTTTCAT","Pt15_POD1194"
"AGGCCGTGTGTAAGTA","Pt15_POD1194"
"AGGCCGTGTTACGCGC","Pt15_POD1194"
"AGGCCGTTCTTAACCT","Pt15_POD1194"
"AGGGAGTAGCCATCGC","Pt15_POD1194"
"AGGGAGTAGTGTTTGC","Pt15_POD1194"
"AGGGAGTCACAAGCCC","Pt15_POD1194"
"AGGGAGTTCGCGCCAA","Pt15_POD1194"
"AGGGATGAGAGGTACC","Pt15_POD1194"
"AGGGATGAGATTACCC","Pt15_POD1194"
"AGGGATGAGCGTCAAG","Pt15_POD1194"
"AGGGATGAGGACACCA","Pt15_POD1194"
"AGGGATGAGGATTCGG","Pt15_POD1194"
"AGGGATGAGTCATGCT","Pt15_POD1194"
"AGGGATGGTACGACCC","Pt15_POD1194"
"AGGGATGGTAGCGTGA","Pt15_POD1194"
"AGGGATGGTAGCTTGT","Pt15_POD1194"
"AGGGATGTCTAACCGA","Pt15_POD1194"
"AGGGATGTCTGCTTGC","Pt15_POD1194"
"AGGGTGAAGCCCAGCT","Pt15_POD1194"
"AGGGTGAAGGACAGCT","Pt15_POD1194"
"AGGGTGACAAAGCGGT","Pt15_POD1194"
"AGGGTGAGTGGTAACG","Pt15_POD1194"
"AGGGTGATCAGCGATT","Pt15_POD1194"
"AGGGTGATCGTTGCCT","Pt15_POD1194"
"AGGTCATAGTCCATAC","Pt15_POD1194"
"AGGTCCGCATCCAACA","Pt15_POD1194"
"AGGTCCGTCCTCCTAG","Pt15_POD1194"
"AGGTCCGTCCTGTACC","Pt15_POD1194"
"AGTAGTCAGAAGCCCA","Pt15_POD1194"
"AGTAGTCCAACTGCTA","Pt15_POD1194"
"AGTAGTCCAAGGCTCC","Pt15_POD1194"
"AGTAGTCCATCCGCGA","Pt15_POD1194"
"AGTAGTCGTAGAGTGC","Pt15_POD1194"
"AGTAGTCGTTACTGAC","Pt15_POD1194"
"AGTAGTCTCCACGAAT","Pt15_POD1194"
"AGTAGTCTCCGTAGGC","Pt15_POD1194"
"AGTCTTTAGATGTGTA","Pt15_POD1194"
"AGTCTTTAGTGGCACA","Pt15_POD1194"
"AGTGAGGAGAATTGTG","Pt15_POD1194"
"AGTGAGGAGATATGCA","Pt15_POD1194"
"AGTGAGGAGGGAACGG","Pt15_POD1194"
"AGTGAGGAGTTACCCA","Pt15_POD1194"
"AGTGAGGCAAGAAGAG","Pt15_POD1194"
"AGTGAGGCAATACGCT","Pt15_POD1194"
"AGTGAGGCATTTCAGG","Pt15_POD1194"
"AGTGAGGGTGTTTGGT","Pt15_POD1194"
"AGTGAGGTCGTTTAGG","Pt15_POD1194"
"AGTGAGGTCTGTCTCG","Pt15_POD1194"
"AGTGGGAAGCATCATC","Pt15_POD1194"
"AGTGGGAAGCTAGTGG","Pt15_POD1194"
"AGTGGGAAGGACAGAA","Pt15_POD1194"
"AGTGGGAAGTGGTAAT","Pt15_POD1194"
"AGTGGGACAGTCACTA","Pt15_POD1194"
"AGTGGGAGTAGCGTAG","Pt15_POD1194"
"AGTGGGAGTGCTTCTC","Pt15_POD1194"
"AGTGGGATCATAAAGG","Pt15_POD1194"
"AGTGGGATCTGTCCGT","Pt15_POD1194"
"AGTGTCAAGAATAGGG","Pt15_POD1194"
"AGTGTCACAGCATACT","Pt15_POD1194"
"AGTGTCAGTAAGGGCT","Pt15_POD1194"
"AGTGTCAGTGCGAAAC","Pt15_POD1194"
"AGTGTCAGTGCGCTTG","Pt15_POD1194"
"AGTGTCAGTTAAAGTG","Pt15_POD1194"
"AGTTGGTAGCACACAG","Pt15_POD1194"
"AGTTGGTCAGGCAGTA","Pt15_POD1194"
"AGTTGGTGTTACGACT","Pt15_POD1194"
"AGTTGGTTCATTATCC","Pt15_POD1194"
"AGTTGGTTCTTCATGT","Pt15_POD1194"
"ATAACGCAGAAAGTGG","Pt15_POD1194"
"ATAACGCAGTTGTAGA","Pt15_POD1194"
"ATAACGCCAAGTTGTC","Pt15_POD1194"
"ATAACGCGTACTCTCC","Pt15_POD1194"
"ATAACGCTCAACGGGA","Pt15_POD1194"
"ATAAGAGCACCGATAT","Pt15_POD1194"
"ATAAGAGCAGGCTGAA","Pt15_POD1194"
"ATAAGAGGTAGGCTGA","Pt15_POD1194"
"ATAAGAGGTTCCACAA","Pt15_POD1194"
"ATAAGAGTCTGTACGA","Pt15_POD1194"
"ATAGACCAGACCACGA","Pt15_POD1194"
"ATAGACCAGCTGCGAA","Pt15_POD1194"
"ATAGACCCACATCCGG","Pt15_POD1194"
"ATAGACCTCCGCGTTT","Pt15_POD1194"
"ATAGACCTCTTGAGGT","Pt15_POD1194"
"ATCACGACATAAGACA","Pt15_POD1194"
"ATCACGAGTCGCGTGT","Pt15_POD1194"
"ATCACGAGTTCCCTTG","Pt15_POD1194"
"ATCACGATCGTACCGG","Pt15_POD1194"
"ATCATCTCAGCTGCAC","Pt15_POD1194"
"ATCATCTGTGAAAGAG","Pt15_POD1194"
"ATCATCTGTTTACTCT","Pt15_POD1194"
"ATCATCTTCAACGGGA","Pt15_POD1194"
"ATCATGGAGTATTGGA","Pt15_POD1194"
"ATCATGGCAATCTGCA","Pt15_POD1194"
"ATCATGGCACCTATCC","Pt15_POD1194"
"ATCATGGCACGGACAA","Pt15_POD1194"
"ATCATGGGTAAACGCG","Pt15_POD1194"
"ATCATGGTCAGTGCAT","Pt15_POD1194"
"ATCATGGTCTGAGTGT","Pt15_POD1194"
"ATCCACCAGCGAAGGG","Pt15_POD1194"
"ATCCACCGTTCCACAA","Pt15_POD1194"
"ATCCGAAAGCAATATG","Pt15_POD1194"
"ATCCGAACAAGGACTG","Pt15_POD1194"
"ATCCGAACAATAACGA","Pt15_POD1194"
"ATCCGAAGTATAGGTA","Pt15_POD1194"
"ATCCGAATCATTCACT","Pt15_POD1194"
"ATCGAGTCATTACGAC","Pt15_POD1194"
"ATCGAGTGTTAAGGGC","Pt15_POD1194"
"ATCGAGTGTTGGTAAA","Pt15_POD1194"
"ATCGAGTTCCAGAGGA","Pt15_POD1194"
"ATCGAGTTCTTGGGTA","Pt15_POD1194"
"ATCTACTAGAACTCGG","Pt15_POD1194"
"ATCTACTAGAGATGAG","Pt15_POD1194"
"ATCTACTAGGGTTCCC","Pt15_POD1194"
"ATCTACTCACGTAAGG","Pt15_POD1194"
"ATCTACTGTGCATCTA","Pt15_POD1194"
"ATCTACTGTTCAGTAC","Pt15_POD1194"
"ATCTACTTCAGGATCT","Pt15_POD1194"
"ATCTACTTCTGGAGCC","Pt15_POD1194"
"ATCTGCCAGACAGAGA","Pt15_POD1194"
"ATCTGCCCACCATCCT","Pt15_POD1194"
"ATCTGCCCACGACTCG","Pt15_POD1194"
"ATCTGCCCAGTAAGCG","Pt15_POD1194"
"ATCTGCCCATTAGCCA","Pt15_POD1194"
"ATCTGCCTCCTTGACC","Pt15_POD1194"
"ATCTGCCTCGACAGCC","Pt15_POD1194"
"ATGAGGGAGCAGACTG","Pt15_POD1194"
"ATGAGGGAGCTAGCCC","Pt15_POD1194"
"ATGAGGGCAATAGCAA","Pt15_POD1194"
"ATGAGGGCACACATGT","Pt15_POD1194"
"ATGAGGGGTACGCTGC","Pt15_POD1194"
"ATGAGGGGTAGCGTGA","Pt15_POD1194"
"ATGAGGGGTCAACTGT","Pt15_POD1194"
"ATGAGGGGTCCGTGAC","Pt15_POD1194"
"ATGAGGGGTCTCATCC","Pt15_POD1194"
"ATGAGGGTCAAACAAG","Pt15_POD1194"
"ATGAGGGTCGTCTGAA","Pt15_POD1194"
"ATGCGATAGTAAGTAC","Pt15_POD1194"
"ATGCGATAGTAATCCC","Pt15_POD1194"
"ATGCGATAGTAGATGT","Pt15_POD1194"
"ATGCGATCACAGGAGT","Pt15_POD1194"
"ATGCGATCAGTCCTTC","Pt15_POD1194"
"ATGCGATGTCAGAATA","Pt15_POD1194"
"ATGCGATGTCGCGTGT","Pt15_POD1194"
"ATGCGATTCGCCAGCA","Pt15_POD1194"
"ATGGGAGAGGGCTTGA","Pt15_POD1194"
"ATGGGAGCAGATCGGA","Pt15_POD1194"
"ATGGGAGGTAAACGCG","Pt15_POD1194"
"ATGGGAGGTCAGAGGT","Pt15_POD1194"
"ATGTGTGAGAGACTAT","Pt15_POD1194"
"ATGTGTGAGATGTCGG","Pt15_POD1194"
"ATGTGTGAGTACGACG","Pt15_POD1194"
"ATGTGTGCACCGATAT","Pt15_POD1194"
"ATGTGTGGTCAGTGGA","Pt15_POD1194"
"ATGTGTGTCAGCTCTC","Pt15_POD1194"
"ATGTGTGTCCTATGTT","Pt15_POD1194"
"ATGTGTGTCGAATGGG","Pt15_POD1194"
"ATGTGTGTCGACAGCC","Pt15_POD1194"
"ATGTGTGTCTACTATC","Pt15_POD1194"
"ATGTGTGTCTTCGGTC","Pt15_POD1194"
"ATGTGTGTCTTGGGTA","Pt15_POD1194"
"ATGTGTGTCTTTACAC","Pt15_POD1194"
"ATTACTCAGAGGTTAT","Pt15_POD1194"
"ATTACTCCACTATCTT","Pt15_POD1194"
"ATTACTCCAGACGTAG","Pt15_POD1194"
"ATTACTCCAGGGTTAG","Pt15_POD1194"
"ATTACTCGTTAAGAAC","Pt15_POD1194"
"ATTACTCTCTATCCCG","Pt15_POD1194"
"ATTATCCAGAGCAATT","Pt15_POD1194"
"ATTATCCCAAAGAATC","Pt15_POD1194"
"ATTATCCCACAACGTT","Pt15_POD1194"
"ATTATCCCAGCCTATA","Pt15_POD1194"
"ATTATCCGTGGCAAAC","Pt15_POD1194"
"ATTATCCTCAGCTCTC","Pt15_POD1194"
"ATTATCCTCCAAACTG","Pt15_POD1194"
"ATTCTACAGTACGCGA","Pt15_POD1194"
"ATTCTACAGTTGAGAT","Pt15_POD1194"
"ATTCTACGTCAGTGGA","Pt15_POD1194"
"ATTCTACTCACAACGT","Pt15_POD1194"
"ATTCTACTCGTTTGCC","Pt15_POD1194"
"ATTGGACAGAATTGTG","Pt15_POD1194"
"ATTGGACAGCGCCTTG","Pt15_POD1194"
"ATTGGACAGGCATGGT","Pt15_POD1194"
"ATTGGACCAGTCTTCC","Pt15_POD1194"
"ATTGGACGTTATCGGT","Pt15_POD1194"
"ATTGGACTCGTGGACC","Pt15_POD1194"
"ATTGGACTCTCATTCA","Pt15_POD1194"
"ATTGGTGAGGAATTAC","Pt15_POD1194"
"ATTGGTGAGGCAGGTT","Pt15_POD1194"
"ATTGGTGAGGCCGAAT","Pt15_POD1194"
"ATTGGTGGTAAGTGGC","Pt15_POD1194"
"ATTGGTGTCAACACTG","Pt15_POD1194"
"ATTGGTGTCCATTCTA","Pt15_POD1194"
"ATTTCTGAGAAACGCC","Pt15_POD1194"
"ATTTCTGCAAGACACG","Pt15_POD1194"
"ATTTCTGGTCAGAGGT","Pt15_POD1194"
"ATTTCTGGTCCTCTTG","Pt15_POD1194"
"ATTTCTGGTGGAAAGA","Pt15_POD1194"
"CAACCAAAGACTCGGA","Pt15_POD1194"
"CAACCAAAGCCAGAAC","Pt15_POD1194"
"CAACCAAAGGTCGGAT","Pt15_POD1194"
"CAACCAACATGACGGA","Pt15_POD1194"
"CAACCAAGTCAATGTC","Pt15_POD1194"
"CAACCAATCGCGCCAA","Pt15_POD1194"
"CAACCTCCAGACACTT","Pt15_POD1194"
"CAACCTCCAGTCAGCC","Pt15_POD1194"
"CAACCTCGTATATGGA","Pt15_POD1194"
"CAACCTCTCTCGATGA","Pt15_POD1194"
"CAACCTCTCTCTGCTG","Pt15_POD1194"
"CAACTAGAGATCTGCT","Pt15_POD1194"
"CAACTAGGTCCGACGT","Pt15_POD1194"
"CAACTAGGTGCCTGGT","Pt15_POD1194"
"CAACTAGGTTCATGGT","Pt15_POD1194"
"CAACTAGTCGTCCGTT","Pt15_POD1194"
"CAAGAAAAGCCACGCT","Pt15_POD1194"
"CAAGAAACACGGTGTC","Pt15_POD1194"
"CAAGAAACAGATCTGT","Pt15_POD1194"
"CAAGAAAGTTGTCTTT","Pt15_POD1194"
"CAAGAAATCAACCATG","Pt15_POD1194"
"CAAGAAATCTGCCCTA","Pt15_POD1194"
"CAAGATCCAAGAGTCG","Pt15_POD1194"
"CAAGATCGTTCCCGAG","Pt15_POD1194"
"CAAGATCGTTGAGGTG","Pt15_POD1194"
"CAAGATCTCAGAGGTG","Pt15_POD1194"
"CAAGGCCCACATCCAA","Pt15_POD1194"
"CAAGGCCCATTCCTCG","Pt15_POD1194"
"CAAGTTGAGATATGCA","Pt15_POD1194"
"CAAGTTGGTACCGAGA","Pt15_POD1194"
"CAAGTTGGTCTAGAGG","Pt15_POD1194"
"CAAGTTGTCAAGATCC","Pt15_POD1194"
"CAAGTTGTCGTAGATC","Pt15_POD1194"
"CACAAACAGGGCTCTC","Pt15_POD1194"
"CACAAACCAAGCCTAT","Pt15_POD1194"
"CACACAAAGATCTGCT","Pt15_POD1194"
"CACACAAAGCAGCCTC","Pt15_POD1194"
"CACACAAAGCTCAACT","Pt15_POD1194"
"CACACAAAGGTCGGAT","Pt15_POD1194"
"CACACAAAGTCTCCTC","Pt15_POD1194"
"CACACAACAGATCGGA","Pt15_POD1194"
"CACACAACATACTCTT","Pt15_POD1194"
"CACACAAGTCTCGTTC","Pt15_POD1194"
"CACACAAGTGATAAGT","Pt15_POD1194"
"CACACAATCATAAAGG","Pt15_POD1194"
"CACACAATCGGTGTTA","Pt15_POD1194"
"CACACAATCTAACCGA","Pt15_POD1194"
"CACACAATCTTAGCCC","Pt15_POD1194"
"CACACAATCTTGTCAT","Pt15_POD1194"
"CACACCTCAACAACCT","Pt15_POD1194"
"CACACCTGTATTCTCT","Pt15_POD1194"
"CACACCTGTCGGCTCA","Pt15_POD1194"
"CACACCTTCGCGTAGC","Pt15_POD1194"
"CACACTCAGGCTCAGA","Pt15_POD1194"
"CACACTCAGTACGATA","Pt15_POD1194"
"CACACTCCAACACCTA","Pt15_POD1194"
"CACACTCGTGTGAATA","Pt15_POD1194"
"CACACTCTCGCCGTGA","Pt15_POD1194"
"CACAGGCAGGTAAACT","Pt15_POD1194"
"CACAGGCAGTGGAGTC","Pt15_POD1194"
"CACAGGCGTGGCCCTA","Pt15_POD1194"
"CACAGGCGTTGTCTTT","Pt15_POD1194"
"CACAGGCTCCGCATAA","Pt15_POD1194"
"CACAGTAAGCTTTGGT","Pt15_POD1194"
"CACAGTACAAATCCGT","Pt15_POD1194"
"CACAGTACACCTGGTG","Pt15_POD1194"
"CACAGTAGTACCGGCT","Pt15_POD1194"
"CACAGTAGTCAAAGAT","Pt15_POD1194"
"CACAGTAGTCCGTTAA","Pt15_POD1194"
"CACAGTAGTGCGATAG","Pt15_POD1194"
"CACAGTAGTGTGTGCC","Pt15_POD1194"
"CACAGTATCATGCTCC","Pt15_POD1194"
"CACAGTATCGTACCGG","Pt15_POD1194"
"CACAGTATCTAGCACA","Pt15_POD1194"
"CACATAGAGAATTCCC","Pt15_POD1194"
"CACATAGAGTCGCCGT","Pt15_POD1194"
"CACATAGCAAAGGCGT","Pt15_POD1194"
"CACATAGGTCAACTGT","Pt15_POD1194"
"CACATAGTCACCAGGC","Pt15_POD1194"
"CACATTTCAATCTGCA","Pt15_POD1194"
"CACATTTCAGTACACT","Pt15_POD1194"
"CACATTTGTAAACCTC","Pt15_POD1194"
"CACATTTGTCAATACC","Pt15_POD1194"
"CACATTTGTCATATCG","Pt15_POD1194"
"CACATTTGTGGTGTAG","Pt15_POD1194"
"CACATTTTCCGAAGAG","Pt15_POD1194"
"CACCACTAGTACGATA","Pt15_POD1194"
"CACCACTCAAGTTGTC","Pt15_POD1194"
"CACCACTCAATTGCTG","Pt15_POD1194"
"CACCACTCATGCCACG","Pt15_POD1194"
"CACCACTTCAACACCA","Pt15_POD1194"
"CACCAGGAGACTTGAA","Pt15_POD1194"
"CACCAGGCACTTAACG","Pt15_POD1194"
"CACCAGGGTCCTAGCG","Pt15_POD1194"
"CACCAGGTCTCTGCTG","Pt15_POD1194"
"CACCTTGAGTTATCGC","Pt15_POD1194"
"CACCTTGCACCAGGCT","Pt15_POD1194"
"CACCTTGGTAACGCGA","Pt15_POD1194"
"CACCTTGGTGTTGGGA","Pt15_POD1194"
"CACCTTGGTTGCTCCT","Pt15_POD1194"
"CACCTTGTCACTATTC","Pt15_POD1194"
"CACCTTGTCCAAAGTC","Pt15_POD1194"
"CACTCCACACCCATGG","Pt15_POD1194"
"CACTCCAGTCTCTCTG","Pt15_POD1194"
"CACTCCAGTGAGTGAC","Pt15_POD1194"
"CACTCCAGTGCCTGTG","Pt15_POD1194"
"CACTCCAGTTCACGGC","Pt15_POD1194"
"CACTCCATCATATCGG","Pt15_POD1194"
"CACTCCATCTGCAAGT","Pt15_POD1194"
"CAGAATCAGCGAAGGG","Pt15_POD1194"
"CAGAATCAGCTGAACG","Pt15_POD1194"
"CAGAATCCACGTCTCT","Pt15_POD1194"
"CAGAATCCAGACAAGC","Pt15_POD1194"
"CAGAATCCAGCTCCGA","Pt15_POD1194"
"CAGAATCTCACATAGC","Pt15_POD1194"
"CAGAATCTCCATGAGT","Pt15_POD1194"
"CAGAATCTCTTATCTG","Pt15_POD1194"
"CAGAGAGAGTGTCCCG","Pt15_POD1194"
"CAGAGAGCATCCCATC","Pt15_POD1194"
"CAGATCAAGCTAGTTC","Pt15_POD1194"
"CAGATCACATTGGGCC","Pt15_POD1194"
"CAGATCAGTTCCATGA","Pt15_POD1194"
"CAGCAGCAGCTAGCCC","Pt15_POD1194"
"CAGCAGCAGGCCATAG","Pt15_POD1194"
"CAGCAGCCAAGTAGTA","Pt15_POD1194"
"CAGCAGCCAATCTACG","Pt15_POD1194"
"CAGCAGCCACCCATGG","Pt15_POD1194"
"CAGCAGCGTGACGGTA","Pt15_POD1194"
"CAGCAGCGTTGGACCC","Pt15_POD1194"
"CAGCAGCGTTTGGGCC","Pt15_POD1194"
"CAGCAGCTCCTTTCTC","Pt15_POD1194"
"CAGCATACAGACTCGC","Pt15_POD1194"
"CAGCATAGTAGCCTAT","Pt15_POD1194"
"CAGCATATCAGTTTGG","Pt15_POD1194"
"CAGCATATCTCACATT","Pt15_POD1194"
"CAGCCGAAGCCCAGCT","Pt15_POD1194"
"CAGCCGACAAAGGAAG","Pt15_POD1194"
"CAGCCGAGTTCCGGCA","Pt15_POD1194"
"CAGCCGAGTTTGTTGG","Pt15_POD1194"
"CAGCCGATCCCAAGTA","Pt15_POD1194"
"CAGCCGATCTTCTGGC","Pt15_POD1194"
"CAGCGACAGTGGGATC","Pt15_POD1194"
"CAGCGACCAATGGATA","Pt15_POD1194"
"CAGCGACGTCGACTAT","Pt15_POD1194"
"CAGCTAAAGACTAGGC","Pt15_POD1194"
"CAGCTAAAGAGAACAG","Pt15_POD1194"
"CAGCTAAAGCCCAACC","Pt15_POD1194"
"CAGCTAACAAGACGTG","Pt15_POD1194"
"CAGCTGGCAAAGCGGT","Pt15_POD1194"
"CAGCTGGCATCACGTA","Pt15_POD1194"
"CAGCTGGCATGTAGTC","Pt15_POD1194"
"CAGCTGGGTCCCTTGT","Pt15_POD1194"
"CAGGTGCCACAACGCC","Pt15_POD1194"
"CAGGTGCCACAACTGT","Pt15_POD1194"
"CAGGTGCGTCCGTCAG","Pt15_POD1194"
"CAGGTGCTCACTTCAT","Pt15_POD1194"
"CAGGTGCTCTATCCCG","Pt15_POD1194"
"CAGTAACCAATGGTCT","Pt15_POD1194"
"CAGTAACTCACTTACT","Pt15_POD1194"
"CAGTAACTCCTATTCA","Pt15_POD1194"
"CAGTCCTAGAAGGTGA","Pt15_POD1194"
"CAGTCCTAGATCGGGT","Pt15_POD1194"
"CAGTCCTAGCCTTGAT","Pt15_POD1194"
"CAGTCCTCAGTATGCT","Pt15_POD1194"
"CAGTCCTGTAAGAGAG","Pt15_POD1194"
"CAGTCCTGTCTCTTAT","Pt15_POD1194"
"CAGTCCTTCGGCTTGG","Pt15_POD1194"
"CATATGGAGAGGTAGA","Pt15_POD1194"
"CATATGGAGCAGATCG","Pt15_POD1194"
"CATATGGAGGTCATCT","Pt15_POD1194"
"CATATGGGTCCGAACC","Pt15_POD1194"
"CATATGGTCGGTGTCG","Pt15_POD1194"
"CATATTCCATGCATGT","Pt15_POD1194"
"CATATTCTCATAACCG","Pt15_POD1194"
"CATATTCTCCATGCTC","Pt15_POD1194"
"CATCAAGAGTTTAGGA","Pt15_POD1194"
"CATCAAGCAAAGGCGT","Pt15_POD1194"
"CATCAAGCAATCTGCA","Pt15_POD1194"
"CATCAAGGTTACCAGT","Pt15_POD1194"
"CATCAAGTCCAACCAA","Pt15_POD1194"
"CATCAGATCAAACAAG","Pt15_POD1194"
"CATCAGATCATGTCCC","Pt15_POD1194"
"CATCCACAGCACCGTC","Pt15_POD1194"
"CATCCACAGCATGGCA","Pt15_POD1194"
"CATCCACAGCGTTGCC","Pt15_POD1194"
"CATCCACAGGCGCTCT","Pt15_POD1194"
"CATCGAAAGAACTGTA","Pt15_POD1194"
"CATCGAAAGACTGTAA","Pt15_POD1194"
"CATCGAAAGCAGCGTA","Pt15_POD1194"
"CATCGAACAACAACCT","Pt15_POD1194"
"CATCGAACATCGGAAG","Pt15_POD1194"
"CATCGAACATTCGACA","Pt15_POD1194"
"CATCGAATCATGCAAC","Pt15_POD1194"
"CATCGGGGTAAACGCG","Pt15_POD1194"
"CATCGGGGTAGAGGAA","Pt15_POD1194"
"CATGACAAGATCTGAA","Pt15_POD1194"
"CATGACAAGCTGAAAT","Pt15_POD1194"
"CATGACAAGGTGGGTT","Pt15_POD1194"
"CATGACACACATCCGG","Pt15_POD1194"
"CATGACACACATCTTT","Pt15_POD1194"
"CATGACAGTACGCTGC","Pt15_POD1194"
"CATGACAGTGATGCCC","Pt15_POD1194"
"CATGCCTAGTGGGCTA","Pt15_POD1194"
"CATGCCTAGTTAGGTA","Pt15_POD1194"
"CATGCCTCACCCATGG","Pt15_POD1194"
"CATGCCTCATGCCTTC","Pt15_POD1194"
"CATGCCTGTCCAGTAT","Pt15_POD1194"
"CATGCCTGTCGGGTCT","Pt15_POD1194"
"CATGCCTGTGAGTGAC","Pt15_POD1194"
"CATGCCTGTGGACGAT","Pt15_POD1194"
"CATGCCTTCCTGCCAT","Pt15_POD1194"
"CATGCCTTCGAGAACG","Pt15_POD1194"
"CATGCCTTCTGGTGTA","Pt15_POD1194"
"CATGCCTTCTTGTTTG","Pt15_POD1194"
"CATGGCGAGGCCCTTG","Pt15_POD1194"
"CATGGCGCAACACGCC","Pt15_POD1194"
"CATGGCGCAGAGTGTG","Pt15_POD1194"
"CATGGCGGTAAATGAC","Pt15_POD1194"
"CATGGCGGTCTAACGT","Pt15_POD1194"
"CATGGCGTCAACCAAC","Pt15_POD1194"
"CATGGCGTCATGCATG","Pt15_POD1194"
"CATGGCGTCCAGAGGA","Pt15_POD1194"
"CATTATCAGGCCATAG","Pt15_POD1194"
"CATTATCCACTTCTGC","Pt15_POD1194"
"CATTATCCAGGTCTCG","Pt15_POD1194"
"CATTATCGTAAGTGGC","Pt15_POD1194"
"CATTATCGTGAGCGAT","Pt15_POD1194"
"CATTATCTCTCGATGA","Pt15_POD1194"
"CATTCGCAGATCTGCT","Pt15_POD1194"
"CATTCGCAGCCTTGAT","Pt15_POD1194"
"CATTCGCAGCTAACAA","Pt15_POD1194"
"CATTCGCAGGTGTGGT","Pt15_POD1194"
"CATTCGCGTATTAGCC","Pt15_POD1194"
"CCAATCCAGCTAGTTC","Pt15_POD1194"
"CCAATCCAGTAACCCT","Pt15_POD1194"
"CCAATCCCACAGGTTT","Pt15_POD1194"
"CCAATCCGTAATCACC","Pt15_POD1194"
"CCAATCCGTAGCCTAT","Pt15_POD1194"
"CCAATCCGTTTAGCTG","Pt15_POD1194"
"CCACCTAAGTACTTGC","Pt15_POD1194"
"CCACCTACAACTGCTA","Pt15_POD1194"
"CCACCTACACCTTGTC","Pt15_POD1194"
"CCACCTAGTACTTAGC","Pt15_POD1194"
"CCACCTAGTCATATGC","Pt15_POD1194"
"CCACCTATCATATCGG","Pt15_POD1194"
"CCACCTATCCTAGTGA","Pt15_POD1194"
"CCACCTATCTTGTATC","Pt15_POD1194"
"CCACGGAAGAGGGATA","Pt15_POD1194"
"CCACGGAAGCACACAG","Pt15_POD1194"
"CCACGGAAGCCGATTT","Pt15_POD1194"
"CCACGGAGTAGCGTAG","Pt15_POD1194"
"CCACGGATCATTTGGG","Pt15_POD1194"
"CCACTACAGCGTCTAT","Pt15_POD1194"
"CCACTACCAAACAACA","Pt15_POD1194"
"CCACTACTCATGTGGT","Pt15_POD1194"
"CCACTACTCGCGTTTC","Pt15_POD1194"
"CCAGCGAAGATACACA","Pt15_POD1194"
"CCAGCGAAGCGTTTAC","Pt15_POD1194"
"CCAGCGAGTGGCAAAC","Pt15_POD1194"
"CCAGCGATCCTTGCCA","Pt15_POD1194"
"CCATGTCAGGGCTCTC","Pt15_POD1194"
"CCATGTCCACATCCAA","Pt15_POD1194"
"CCATTCGCAACTGCGC","Pt15_POD1194"
"CCATTCGCAATAAGCA","Pt15_POD1194"
"CCATTCGCAGACAAGC","Pt15_POD1194"
"CCATTCGCATCGACGC","Pt15_POD1194"
"CCATTCGCATTGGGCC","Pt15_POD1194"
"CCATTCGGTACTTCTT","Pt15_POD1194"
"CCATTCGGTATGAAAC","Pt15_POD1194"
"CCATTCGGTGACCAAG","Pt15_POD1194"
"CCATTCGTCAGGTTCA","Pt15_POD1194"
"CCCAATCAGCGTGAAC","Pt15_POD1194"
"CCCAATCCACCAGGTC","Pt15_POD1194"
"CCCAATCCAGCGTTCG","Pt15_POD1194"
"CCCAATCCATACAGCT","Pt15_POD1194"
"CCCAATCGTACCTACA","Pt15_POD1194"
"CCCAATCGTCACAAGG","Pt15_POD1194"
"CCCAATCTCGGAAACG","Pt15_POD1194"
"CCCAGTTCACATCCAA","Pt15_POD1194"
"CCCAGTTGTAGGGTAC","Pt15_POD1194"
"CCCAGTTGTCGCATAT","Pt15_POD1194"
"CCCAGTTTCGCCATAA","Pt15_POD1194"
"CCCTCCTAGATCGATA","Pt15_POD1194"
"CCCTCCTAGATCGGGT","Pt15_POD1194"
"CCCTCCTAGATGTGGC","Pt15_POD1194"
"CCCTCCTCACATAACC","Pt15_POD1194"
"CCCTCCTGTCCGAAGA","Pt15_POD1194"
"CCCTCCTTCAAACCAC","Pt15_POD1194"
"CCCTCCTTCCAGTATG","Pt15_POD1194"
"CCCTCCTTCGATGAGG","Pt15_POD1194"
"CCCTCCTTCGGCCGAT","Pt15_POD1194"
"CCGGGATAGGGATCTG","Pt15_POD1194"
"CCGGGATAGTAGATGT","Pt15_POD1194"
"CCGGGATAGTTTGCGT","Pt15_POD1194"
"CCGGGATCAGATGGGT","Pt15_POD1194"
"CCGGGATCATCCTTGC","Pt15_POD1194"
"CCGGGATCATGACATC","Pt15_POD1194"
"CCGGGATGTCCAGTAT","Pt15_POD1194"
"CCGGGATGTGACCAAG","Pt15_POD1194"
"CCGGGATGTGTCCTCT","Pt15_POD1194"
"CCGGGATGTTTGCATG","Pt15_POD1194"
"CCGGTAGAGATGCCAG","Pt15_POD1194"
"CCGGTAGAGATTACCC","Pt15_POD1194"
"CCGGTAGAGCATCATC","Pt15_POD1194"
"CCGGTAGCATCCCATC","Pt15_POD1194"
"CCGGTAGGTGCGGTAA","Pt15_POD1194"
"CCGTACTAGGTAGCCA","Pt15_POD1194"
"CCGTACTCATGCCTTC","Pt15_POD1194"
"CCGTACTTCAGAGCTT","Pt15_POD1194"
"CCGTACTTCAGTTTGG","Pt15_POD1194"
"CCGTACTTCTACCTGC","Pt15_POD1194"
"CCGTGGACACACCGCA","Pt15_POD1194"
"CCGTGGAGTACCGGCT","Pt15_POD1194"
"CCGTGGAGTCAACATC","Pt15_POD1194"
"CCGTGGATCTAAGCCA","Pt15_POD1194"
"CCGTTCACAAACAACA","Pt15_POD1194"
"CCGTTCACATTATCTC","Pt15_POD1194"
"CCGTTCAGTCACTTCC","Pt15_POD1194"
"CCGTTCAGTTCAGGCC","Pt15_POD1194"
"CCTAAAGAGTACACCT","Pt15_POD1194"
"CCTAAAGGTGACGGTA","Pt15_POD1194"
"CCTAAAGGTGCCTTGG","Pt15_POD1194"
"CCTAAAGTCCAAACAC","Pt15_POD1194"
"CCTAAAGTCTACCTGC","Pt15_POD1194"
"CCTACACAGATACACA","Pt15_POD1194"
"CCTACACAGCAGGCTA","Pt15_POD1194"
"CCTACACAGCTGCAAG","Pt15_POD1194"
"CCTACACCATGGGACA","Pt15_POD1194"
"CCTACACTCTCGCATC","Pt15_POD1194"
"CCTACCAAGCTAGTCT","Pt15_POD1194"
"CCTACCAAGTGGTAAT","Pt15_POD1194"
"CCTACCACAAACGTGG","Pt15_POD1194"
"CCTACCACAAGGGTCA","Pt15_POD1194"
"CCTACCACACGAAATA","Pt15_POD1194"
"CCTACCACACGAGGTA","Pt15_POD1194"
"CCTACCACATCGGTTA","Pt15_POD1194"
"CCTACCAGTCAGAATA","Pt15_POD1194"
"CCTAGCTAGCCGCCTA","Pt15_POD1194"
"CCTAGCTAGTGTTTGC","Pt15_POD1194"
"CCTAGCTGTAGCGTAG","Pt15_POD1194"
"CCTAGCTGTCATATCG","Pt15_POD1194"
"CCTAGCTTCAACACGT","Pt15_POD1194"
"CCTAGCTTCATAGCAC","Pt15_POD1194"
"CCTATTAGTCGAATCT","Pt15_POD1194"
"CCTATTAGTGAACCTT","Pt15_POD1194"
"CCTATTATCAGTACGT","Pt15_POD1194"
"CCTCAGTAGCGCCTCA","Pt15_POD1194"
"CCTCAGTAGTCAAGCG","Pt15_POD1194"
"CCTCAGTAGTGCAAGC","Pt15_POD1194"
"CCTCAGTGTCCGTTAA","Pt15_POD1194"
"CCTCAGTTCACCAGGC","Pt15_POD1194"
"CCTCAGTTCAGTACGT","Pt15_POD1194"
"CCTCTGACAAATACAG","Pt15_POD1194"
"CCTCTGAGTAGCTGCC","Pt15_POD1194"
"CCTCTGAGTATATGAG","Pt15_POD1194"
"CCTCTGAGTGTGCCTG","Pt15_POD1194"
"CCTCTGATCTGTTTGT","Pt15_POD1194"
"CCTTACGAGGCAGGTT","Pt15_POD1194"
"CCTTACGCACAACGCC","Pt15_POD1194"
"CCTTACGCACTGAAGG","Pt15_POD1194"
"CCTTCCCAGGGATCTG","Pt15_POD1194"
"CCTTCCCAGTGAACGC","Pt15_POD1194"
"CCTTCCCGTACTCAAC","Pt15_POD1194"
"CCTTCCCGTCTCTTTA","Pt15_POD1194"
"CCTTCCCTCCACGCAG","Pt15_POD1194"
"CCTTCCCTCGCTTGTC","Pt15_POD1194"
"CCTTCGACACACTGCG","Pt15_POD1194"
"CCTTCGAGTACCCAAT","Pt15_POD1194"
"CCTTCGAGTGAGTATA","Pt15_POD1194"
"CCTTCGATCATATCGG","Pt15_POD1194"
"CCTTCGATCGTACCGG","Pt15_POD1194"
"CCTTTCTAGATGTGTA","Pt15_POD1194"
"CCTTTCTAGTCAAGCG","Pt15_POD1194"
"CCTTTCTCAATCGGTT","Pt15_POD1194"
"CCTTTCTCAATGAAAC","Pt15_POD1194"
"CCTTTCTCACACCGAC","Pt15_POD1194"
"CGAACATAGCTCTCGG","Pt15_POD1194"
"CGAACATCACTATCTT","Pt15_POD1194"
"CGAACATGTCTGCAAT","Pt15_POD1194"
"CGAACATTCATTATCC","Pt15_POD1194"
"CGAACATTCGCGTTTC","Pt15_POD1194"
"CGAATGTAGCGTTCCG","Pt15_POD1194"
"CGAATGTAGTCCGGTC","Pt15_POD1194"
"CGAATGTAGTGTGAAT","Pt15_POD1194"
"CGAATGTCACCCATTC","Pt15_POD1194"
"CGAATGTCAGGTTTCA","Pt15_POD1194"
"CGAATGTGTCTCAACA","Pt15_POD1194"
"CGAATGTTCGGCTTGG","Pt15_POD1194"
"CGACCTTAGTGCAAGC","Pt15_POD1194"
"CGACCTTGTCAAACTC","Pt15_POD1194"
"CGACCTTGTCTAAAGA","Pt15_POD1194"
"CGACCTTGTCTTGCGG","Pt15_POD1194"
"CGACTTCAGCGCTTAT","Pt15_POD1194"
"CGACTTCAGTGGGTTG","Pt15_POD1194"
"CGACTTCCAGCTGTTA","Pt15_POD1194"
"CGACTTCGTAAGCACG","Pt15_POD1194"
"CGACTTCGTAGCAAAT","Pt15_POD1194"
"CGACTTCGTTTCCACC","Pt15_POD1194"
"CGACTTCTCCAACCAA","Pt15_POD1194"
"CGAGAAGCAGCGTTCG","Pt15_POD1194"
"CGAGAAGCAGTAGAGC","Pt15_POD1194"
"CGAGAAGCATACTACG","Pt15_POD1194"
"CGAGAAGGTAGAAGGA","Pt15_POD1194"
"CGAGAAGTCTGCAGTA","Pt15_POD1194"
"CGAGCACTCGCGCCAA","Pt15_POD1194"
"CGAGCACTCTCCGGTT","Pt15_POD1194"
"CGAGCCACAAAGCAAT","Pt15_POD1194"
"CGAGCCACAAGACACG","Pt15_POD1194"
"CGAGCCACAAGGCTCC","Pt15_POD1194"
"CGAGCCACAGATGGGT","Pt15_POD1194"
"CGAGCCAGTACGCTGC","Pt15_POD1194"
"CGAGCCAGTGTCGCTG","Pt15_POD1194"
"CGATCGGAGGGATGGG","Pt15_POD1194"
"CGATCGGCACAGGCCT","Pt15_POD1194"
"CGATCGGCATCCGGGT","Pt15_POD1194"
"CGATCGGGTACAGACG","Pt15_POD1194"
"CGATCGGGTGCAACTT","Pt15_POD1194"
"CGATCGGGTTCACCTC","Pt15_POD1194"
"CGATCGGTCTGATACG","Pt15_POD1194"
"CGATGGCAGGCACATG","Pt15_POD1194"
"CGATGGCAGTTAACGA","Pt15_POD1194"
"CGATGGCGTTCACGGC","Pt15_POD1194"
"CGATGTACATTAGCCA","Pt15_POD1194"
"CGATGTACATTGAGCT","Pt15_POD1194"
"CGATGTAGTCTCTTTA","Pt15_POD1194"
"CGATTGAAGAGCTGGT","Pt15_POD1194"
"CGATTGAAGGCTCAGA","Pt15_POD1194"
"CGATTGAAGTATGACA","Pt15_POD1194"
"CGATTGACACAGACTT","Pt15_POD1194"
"CGATTGACAGTTCCCT","Pt15_POD1194"
"CGATTGACATAAAGGT","Pt15_POD1194"
"CGATTGAGTAATAGCA","Pt15_POD1194"
"CGATTGAGTCAAGCGA","Pt15_POD1194"
"CGATTGAGTGTTCTTT","Pt15_POD1194"
"CGATTGATCAGCTTAG","Pt15_POD1194"
"CGCCAAGAGCTGTCTA","Pt15_POD1194"
"CGCCAAGAGTCAAGCG","Pt15_POD1194"
"CGCCAAGCATATACCG","Pt15_POD1194"
"CGCCAAGCATTGCGGC","Pt15_POD1194"
"CGCCAAGGTACGCACC","Pt15_POD1194"
"CGCGGTAAGACGACGT","Pt15_POD1194"
"CGCGGTAAGCAACGGT","Pt15_POD1194"
"CGCGGTAGTCAAAGCG","Pt15_POD1194"
"CGCGGTAGTCATATCG","Pt15_POD1194"
"CGCGGTAGTTATCCGA","Pt15_POD1194"
"CGCGTTTAGCTGTTCA","Pt15_POD1194"
"CGCGTTTCAAGGTGTG","Pt15_POD1194"
"CGCGTTTCAGGTCCAC","Pt15_POD1194"
"CGCGTTTGTGGTCCGT","Pt15_POD1194"
"CGCGTTTTCATAACCG","Pt15_POD1194"
"CGCGTTTTCCACGTGG","Pt15_POD1194"
"CGCTATCCAATGGAGC","Pt15_POD1194"
"CGCTATCGTCTCACCT","Pt15_POD1194"
"CGCTATCGTGAAGGCT","Pt15_POD1194"
"CGCTGGAAGTGAACGC","Pt15_POD1194"
"CGCTGGACACCTGGTG","Pt15_POD1194"
"CGCTGGACACGCTTTC","Pt15_POD1194"
"CGCTGGACAGACGCCT","Pt15_POD1194"
"CGCTGGACATCAGTAC","Pt15_POD1194"
"CGCTTCAAGATGTAAC","Pt15_POD1194"
"CGCTTCAAGCTCAACT","Pt15_POD1194"
"CGCTTCAGTACAGCAG","Pt15_POD1194"
"CGCTTCAGTTACAGAA","Pt15_POD1194"
"CGCTTCATCAGCGATT","Pt15_POD1194"
"CGCTTCATCAGGATCT","Pt15_POD1194"
"CGCTTCATCCAATGGT","Pt15_POD1194"
"CGCTTCATCGAGAACG","Pt15_POD1194"
"CGGACACAGGCCGAAT","Pt15_POD1194"
"CGGACACAGGGCTTGA","Pt15_POD1194"
"CGGACACCACGAGAGT","Pt15_POD1194"
"CGGACACTCCACGAAT","Pt15_POD1194"
"CGGACACTCTCACATT","Pt15_POD1194"
"CGGACGTAGAAGGTTT","Pt15_POD1194"
"CGGACGTAGAGACGAA","Pt15_POD1194"
"CGGACGTAGAGTCGGT","Pt15_POD1194"
"CGGACGTAGGACAGCT","Pt15_POD1194"
"CGGACGTCAATGGAGC","Pt15_POD1194"
"CGGACGTCAATGTAAG","Pt15_POD1194"
"CGGACGTCACGGTAGA","Pt15_POD1194"
"CGGACGTTCCAAATGC","Pt15_POD1194"
"CGGACGTTCCACGTGG","Pt15_POD1194"
"CGGACTGAGGCAGTCA","Pt15_POD1194"
"CGGACTGAGTACGCGA","Pt15_POD1194"
"CGGACTGAGTGTCTCA","Pt15_POD1194"
"CGGACTGTCTTGAGAC","Pt15_POD1194"
"CGGAGCTAGCACCGCT","Pt15_POD1194"
"CGGAGCTAGGCCCTCA","Pt15_POD1194"
"CGGAGCTAGTGGCACA","Pt15_POD1194"
"CGGAGCTCAAGCGCTC","Pt15_POD1194"
"CGGAGCTCAAGGGTCA","Pt15_POD1194"
"CGGAGCTCACAGAGGT","Pt15_POD1194"
"CGGAGCTCACTAAGTC","Pt15_POD1194"
"CGGAGCTGTCTCCCTA","Pt15_POD1194"
"CGGAGCTGTGCAACTT","Pt15_POD1194"
"CGGAGCTGTGTCAATC","Pt15_POD1194"
"CGGAGCTGTTCTGTTT","Pt15_POD1194"
"CGGAGTCAGTCTCGGC","Pt15_POD1194"
"CGGAGTCCACATTAGC","Pt15_POD1194"
"CGGAGTCCATAACCTG","Pt15_POD1194"
"CGGAGTCCATACTCTT","Pt15_POD1194"
"CGGAGTCCATGATCCA","Pt15_POD1194"
"CGGAGTCGTCGAAAGC","Pt15_POD1194"
"CGGAGTCGTGCTAGCC","Pt15_POD1194"
"CGGAGTCTCGAGAGCA","Pt15_POD1194"
"CGGCTAGAGCAATCTC","Pt15_POD1194"
"CGGCTAGAGTAAGTAC","Pt15_POD1194"
"CGGCTAGAGTAGCCGA","Pt15_POD1194"
"CGGCTAGCACTAAGTC","Pt15_POD1194"
"CGGCTAGCATGCCTAA","Pt15_POD1194"
"CGGCTAGGTAGCTGCC","Pt15_POD1194"
"CGGCTAGGTGAAAGAG","Pt15_POD1194"
"CGGCTAGGTGCAACTT","Pt15_POD1194"
"CGGCTAGGTTAGAACA","Pt15_POD1194"
"CGGCTAGTCTTGAGGT","Pt15_POD1194"
"CGGGTCAAGTCCTCCT","Pt15_POD1194"
"CGGGTCAAGTTCGATC","Pt15_POD1194"
"CGGGTCACAATGTAAG","Pt15_POD1194"
"CGGGTCACAGACTCGC","Pt15_POD1194"
"CGGGTCAGTGCAACGA","Pt15_POD1194"
"CGGGTCATCAAGAAGT","Pt15_POD1194"
"CGGGTCATCTCCAACC","Pt15_POD1194"
"CGGTTAAAGTTGAGAT","Pt15_POD1194"
"CGGTTAACACACCGAC","Pt15_POD1194"
"CGGTTAACACTCTGTC","Pt15_POD1194"
"CGGTTAACAGTATCTG","Pt15_POD1194"
"CGGTTAAGTAGCTGCC","Pt15_POD1194"
"CGGTTAAGTCGGCATC","Pt15_POD1194"
"CGGTTAAGTTCCCTTG","Pt15_POD1194"
"CGTAGCGCAATGAATG","Pt15_POD1194"
"CGTAGCGCACTGTCGG","Pt15_POD1194"
"CGTAGGCAGGAGTTTA","Pt15_POD1194"
"CGTAGGCAGTAACCCT","Pt15_POD1194"
"CGTAGGCAGTTTCCTT","Pt15_POD1194"
"CGTAGGCCAACACGCC","Pt15_POD1194"
"CGTAGGCTCCTTTACA","Pt15_POD1194"
"CGTCACTAGACTTTCG","Pt15_POD1194"
"CGTCACTAGTGTTGAA","Pt15_POD1194"
"CGTCACTGTCCCTACT","Pt15_POD1194"
"CGTCACTTCACTGGGC","Pt15_POD1194"
"CGTCACTTCCGAAGAG","Pt15_POD1194"
"CGTCACTTCTGAGGGA","Pt15_POD1194"
"CGTCAGGAGCCGGTAA","Pt15_POD1194"
"CGTCAGGAGTCTCGGC","Pt15_POD1194"
"CGTCAGGAGTGGTCCC","Pt15_POD1194"
"CGTCAGGCACTGTCGG","Pt15_POD1194"
"CGTCAGGTCGTTGACA","Pt15_POD1194"
"CGTCAGGTCTAACCGA","Pt15_POD1194"
"CGTCCATAGAAGGACA","Pt15_POD1194"
"CGTCCATAGCGTCAAG","Pt15_POD1194"
"CGTCCATCACGGCCAT","Pt15_POD1194"
"CGTCCATGTAGCTTGT","Pt15_POD1194"
"CGTCCATGTCTAGGTT","Pt15_POD1194"
"CGTCCATGTGTCCTCT","Pt15_POD1194"
"CGTCCATGTTCCCTTG","Pt15_POD1194"
"CGTCCATGTTGACGTT","Pt15_POD1194"
"CGTCCATTCTTAGCCC","Pt15_POD1194"
"CGTCTACAGGCCCTCA","Pt15_POD1194"
"CGTCTACCACCTCGTT","Pt15_POD1194"
"CGTCTACGTGGCTCCA","Pt15_POD1194"
"CGTGAGCAGCACGCCT","Pt15_POD1194"
"CGTGAGCCAGACACTT","Pt15_POD1194"
"CGTGAGCCAGAGTGTG","Pt15_POD1194"
"CGTGAGCCATTACGAC","Pt15_POD1194"
"CGTGAGCTCATGTGGT","Pt15_POD1194"
"CGTGTAAAGCTAGTGG","Pt15_POD1194"
"CGTGTAACACACAGAG","Pt15_POD1194"
"CGTGTAACACGAAACG","Pt15_POD1194"
"CGTGTAACAGTCCTTC","Pt15_POD1194"
"CGTGTAAGTATTAGCC","Pt15_POD1194"
"CGTGTAAGTCGTGGCT","Pt15_POD1194"
"CGTGTAATCATAGCAC","Pt15_POD1194"
"CGTGTAATCCTTAATC","Pt15_POD1194"
"CGTGTAATCGGAAACG","Pt15_POD1194"
"CGTGTAATCTTTACGT","Pt15_POD1194"
"CGTGTCTCAAGCCTAT","Pt15_POD1194"
"CGTGTCTCAGATTGCT","Pt15_POD1194"
"CGTGTCTGTCTCAACA","Pt15_POD1194"
"CGTGTCTGTTCACCTC","Pt15_POD1194"
"CGTGTCTTCTTACCGC","Pt15_POD1194"
"CGTTAGAAGGCTATCT","Pt15_POD1194"
"CGTTAGACAAGGTGTG","Pt15_POD1194"
"CGTTAGACAGTTCCCT","Pt15_POD1194"
"CGTTAGATCAACACAC","Pt15_POD1194"
"CGTTAGATCTGCGGCA","Pt15_POD1194"
"CGTTCTGCAAGCCATT","Pt15_POD1194"
"CGTTCTGTCAGAGACG","Pt15_POD1194"
"CGTTGGGAGAGGACGG","Pt15_POD1194"
"CGTTGGGTCCGAATGT","Pt15_POD1194"
"CGTTGGGTCGACGGAA","Pt15_POD1194"
"CTAACTTCAGTTTACG","Pt15_POD1194"
"CTAACTTTCAGAAATG","Pt15_POD1194"
"CTAACTTTCTCGAGTA","Pt15_POD1194"
"CTAAGACAGAATCTCC","Pt15_POD1194"
"CTAAGACAGCAGATCG","Pt15_POD1194"
"CTAAGACAGGACATTA","Pt15_POD1194"
"CTAAGACCAAACGCGA","Pt15_POD1194"
"CTAAGACCACAGTCGC","Pt15_POD1194"
"CTAAGACCACCAGATT","Pt15_POD1194"
"CTAAGACCATCGGACC","Pt15_POD1194"
"CTAAGACTCAAACAAG","Pt15_POD1194"
"CTAATGGCACAAGTAA","Pt15_POD1194"
"CTAATGGCACCTCGGA","Pt15_POD1194"
"CTAATGGGTATTCGTG","Pt15_POD1194"
"CTAATGGGTTACTGAC","Pt15_POD1194"
"CTAATGGGTTATCCGA","Pt15_POD1194"
"CTAATGGTCCTGCAGG","Pt15_POD1194"
"CTAATGGTCGCTGATA","Pt15_POD1194"
"CTAATGGTCTCTAGGA","Pt15_POD1194"
"CTACACCAGAAGGGTA","Pt15_POD1194"
"CTACACCAGAGGGCTT","Pt15_POD1194"
"CTACACCAGTAGATGT","Pt15_POD1194"
"CTACACCGTAAATGTG","Pt15_POD1194"
"CTACACCGTAACGCGA","Pt15_POD1194"
"CTACACCTCGTGTAGT","Pt15_POD1194"
"CTACATTGTTGTTTGG","Pt15_POD1194"
"CTACATTTCCAAGTAC","Pt15_POD1194"
"CTACATTTCCTTGGTC","Pt15_POD1194"
"CTACATTTCGGATGGA","Pt15_POD1194"
"CTACCCAAGAGCAATT","Pt15_POD1194"
"CTACCCAAGTACGCGA","Pt15_POD1194"
"CTACCCAAGTGCGTGA","Pt15_POD1194"
"CTACCCACATCCCACT","Pt15_POD1194"
"CTACCCAGTAGGGTAC","Pt15_POD1194"
"CTACCCAGTTACGACT","Pt15_POD1194"
"CTACGTCAGAAACCAT","Pt15_POD1194"
"CTACGTCGTACTCTCC","Pt15_POD1194"
"CTACGTCGTAGCTAAA","Pt15_POD1194"
"CTACGTCGTTGAACTC","Pt15_POD1194"
"CTAGAGTAGGATCGCA","Pt15_POD1194"
"CTAGAGTCATTCACTT","Pt15_POD1194"
"CTAGAGTGTGTGTGCC","Pt15_POD1194"
"CTAGAGTGTTCCACGG","Pt15_POD1194"
"CTAGAGTTCATTGCGA","Pt15_POD1194"
"CTAGAGTTCTGGAGCC","Pt15_POD1194"
"CTAGCCTTCACAGGCC","Pt15_POD1194"
"CTAGCCTTCACCACCT","Pt15_POD1194"
"CTAGTGACATCGGGTC","Pt15_POD1194"
"CTAGTGAGTGGTCTCG","Pt15_POD1194"
"CTCACACCAACCGCCA","Pt15_POD1194"
"CTCACACGTGTGGTTT","Pt15_POD1194"
"CTCACACTCAGTGCAT","Pt15_POD1194"
"CTCACACTCATACGGT","Pt15_POD1194"
"CTCAGAAAGCGTTCCG","Pt15_POD1194"
"CTCAGAACAAGCGAGT","Pt15_POD1194"
"CTCAGAACAGACTCGC","Pt15_POD1194"
"CTCAGAACATATACCG","Pt15_POD1194"
"CTCAGAATCGAGAGCA","Pt15_POD1194"
"CTCATTAAGTAGCGGT","Pt15_POD1194"
"CTCATTACAGCCACCA","Pt15_POD1194"
"CTCATTACATCACAAC","Pt15_POD1194"
"CTCATTAGTGAGTGAC","Pt15_POD1194"
"CTCATTATCCAAATGC","Pt15_POD1194"
"CTCATTATCCTGCCAT","Pt15_POD1194"
"CTCCTAGCAATAGCGG","Pt15_POD1194"
"CTCCTAGCACTCTGTC","Pt15_POD1194"
"CTCCTAGGTATGGTTC","Pt15_POD1194"
"CTCCTAGTCCCTAACC","Pt15_POD1194"
"CTCGAAACAAGCTGTT","Pt15_POD1194"
"CTCGAAACACAGGCCT","Pt15_POD1194"
"CTCGAAACAGGACGTA","Pt15_POD1194"
"CTCGAAAGTACCATCA","Pt15_POD1194"
"CTCGAAATCTTGTTTG","Pt15_POD1194"
"CTCGAGGAGGAATCGC","Pt15_POD1194"
"CTCGAGGCACCGAATT","Pt15_POD1194"
"CTCGAGGCAGATGGCA","Pt15_POD1194"
"CTCGAGGGTATTCTCT","Pt15_POD1194"
"CTCGGAGAGAGTCTGG","Pt15_POD1194"
"CTCGGAGAGGCTAGGT","Pt15_POD1194"
"CTCGGAGCAGCCAATT","Pt15_POD1194"
"CTCGGAGGTCTAGCCG","Pt15_POD1194"
"CTCGGAGGTCTAGCGC","Pt15_POD1194"
"CTCGGGACAAGTAGTA","Pt15_POD1194"
"CTCGGGACATGAACCT","Pt15_POD1194"
"CTCGGGACATGCAACT","Pt15_POD1194"
"CTCGTACCACGCTTTC","Pt15_POD1194"
"CTCGTACCAGGTGCCT","Pt15_POD1194"
"CTCGTACGTGAACCTT","Pt15_POD1194"
"CTCGTACTCGTGTAGT","Pt15_POD1194"
"CTCGTCAAGACTACAA","Pt15_POD1194"
"CTCGTCAAGGCAGGTT","Pt15_POD1194"
"CTCGTCACAGTCCTTC","Pt15_POD1194"
"CTCGTCACATCCGGGT","Pt15_POD1194"
"CTCGTCAGTACCCAAT","Pt15_POD1194"
"CTCGTCATCTCGAGTA","Pt15_POD1194"
"CTCTAATAGGCTAGGT","Pt15_POD1194"
"CTCTAATTCCGGGTGT","Pt15_POD1194"
"CTCTACGAGCCCAACC","Pt15_POD1194"
"CTCTACGCACGTAAGG","Pt15_POD1194"
"CTCTACGCAGACAAGC","Pt15_POD1194"
"CTCTACGCAGGTCGTC","Pt15_POD1194"
"CTCTACGCATGCGCAC","Pt15_POD1194"
"CTCTACGTCGCAGGCT","Pt15_POD1194"
"CTCTGGTAGGTGACCA","Pt15_POD1194"
"CTCTGGTAGTGCGATG","Pt15_POD1194"
"CTCTGGTAGTTTGCGT","Pt15_POD1194"
"CTCTGGTCATAAGACA","Pt15_POD1194"
"CTCTGGTGTCAAGCGA","Pt15_POD1194"
"CTCTGGTGTGCCTGGT","Pt15_POD1194"
"CTGAAACAGAGTGAGA","Pt15_POD1194"
"CTGAAACAGCCCTAAT","Pt15_POD1194"
"CTGAAACCACAGAGGT","Pt15_POD1194"
"CTGAAACCATTAGCCA","Pt15_POD1194"
"CTGAAACGTAGAAGGA","Pt15_POD1194"
"CTGAAACGTTTGGCGC","Pt15_POD1194"
"CTGAAACTCATTCACT","Pt15_POD1194"
"CTGAAACTCGGTTAAC","Pt15_POD1194"
"CTGAAACTCTGTCTAT","Pt15_POD1194"
"CTGAAGTAGCCACTAT","Pt15_POD1194"
"CTGAAGTCATGGAATA","Pt15_POD1194"
"CTGAAGTGTCGACTAT","Pt15_POD1194"
"CTGAAGTGTCTTTCAT","Pt15_POD1194"
"CTGATAGGTACAGCAG","Pt15_POD1194"
"CTGATAGGTCTAAAGA","Pt15_POD1194"
"CTGATAGGTCTTGTCC","Pt15_POD1194"
"CTGATAGTCTGTACGA","Pt15_POD1194"
"CTGATCCAGCTAAACA","Pt15_POD1194"
"CTGATCCCACTCAGGC","Pt15_POD1194"
"CTGATCCGTCCGTTAA","Pt15_POD1194"
"CTGATCCTCAGAGCTT","Pt15_POD1194"
"CTGATCCTCATGTCTT","Pt15_POD1194"
"CTGATCCTCTCGATGA","Pt15_POD1194"
"CTGCCTAAGTAGATGT","Pt15_POD1194"
"CTGCCTACATTGAGCT","Pt15_POD1194"
"CTGCCTAGTATATGAG","Pt15_POD1194"
"CTGCCTAGTGGTTTCA","Pt15_POD1194"
"CTGCGGAAGCGTAATA","Pt15_POD1194"
"CTGCGGAAGTGGTCCC","Pt15_POD1194"
"CTGCGGACAAGGGTCA","Pt15_POD1194"
"CTGCGGACACCCTATC","Pt15_POD1194"
"CTGCGGACACGTGAGA","Pt15_POD1194"
"CTGCGGACAGATAATG","Pt15_POD1194"
"CTGCGGACAGGCGATA","Pt15_POD1194"
"CTGCTGTCACGGCTAC","Pt15_POD1194"
"CTGCTGTCATATGAGA","Pt15_POD1194"
"CTGCTGTCATCACAAC","Pt15_POD1194"
"CTGCTGTGTAAATGAC","Pt15_POD1194"
"CTGCTGTGTATCGCAT","Pt15_POD1194"
"CTGCTGTTCAGGTAAA","Pt15_POD1194"
"CTGCTGTTCGCAAACT","Pt15_POD1194"
"CTGGTCTTCCTCAATT","Pt15_POD1194"
"CTGTGCTAGTTACCCA","Pt15_POD1194"
"CTGTGCTGTTGAGGTG","Pt15_POD1194"
"CTGTTTACACCAACCG","Pt15_POD1194"
"CTGTTTAGTACCCAAT","Pt15_POD1194"
"CTTAACTAGAGTTGGC","Pt15_POD1194"
"CTTAACTCACAACGTT","Pt15_POD1194"
"CTTAACTCATAAGACA","Pt15_POD1194"
"CTTAACTTCAGCACAT","Pt15_POD1194"
"CTTAACTTCATATCGG","Pt15_POD1194"
"CTTAACTTCGGATGTT","Pt15_POD1194"
"CTTACCGTCGCCATAA","Pt15_POD1194"
"CTTACCGTCTAGAGTC","Pt15_POD1194"
"CTTAGGACAGTTCATG","Pt15_POD1194"
"CTTAGGAGTAAGAGAG","Pt15_POD1194"
"CTTAGGATCGTGGGAA","Pt15_POD1194"
"CTTCTCTCACGGATAG","Pt15_POD1194"
"CTTCTCTCATCACAAC","Pt15_POD1194"
"CTTCTCTGTCGGCTCA","Pt15_POD1194"
"CTTCTCTTCACAATGC","Pt15_POD1194"
"CTTCTCTTCAGGCAAG","Pt15_POD1194"
"CTTGGCTAGATCCCAT","Pt15_POD1194"
"CTTGGCTAGATGGCGT","Pt15_POD1194"
"CTTGGCTAGTGTCCCG","Pt15_POD1194"
"CTTGGCTCACTCGACG","Pt15_POD1194"
"CTTGGCTGTGAGGGTT","Pt15_POD1194"
"CTTGGCTTCGCGATCG","Pt15_POD1194"
"CTTGGCTTCGGCTACG","Pt15_POD1194"
"CTTTGCGAGATCCGAG","Pt15_POD1194"
"CTTTGCGAGCTCCTTC","Pt15_POD1194"
"CTTTGCGGTGCTAGCC","Pt15_POD1194"
"CTTTGCGTCCGAACGC","Pt15_POD1194"
"GAAACTCAGTCCCACG","Pt15_POD1194"
"GAAACTCCAATAACGA","Pt15_POD1194"
"GAAACTCGTCGTCTTC","Pt15_POD1194"
"GAAACTCTCACTTACT","Pt15_POD1194"
"GAAACTCTCTGTCCGT","Pt15_POD1194"
"GAAATGAAGAGCTATA","Pt15_POD1194"
"GAAATGAAGGCAGGTT","Pt15_POD1194"
"GAAATGAGTAGTAGTA","Pt15_POD1194"
"GAAATGAGTTCAGCGC","Pt15_POD1194"
"GAACATCAGCCAGGAT","Pt15_POD1194"
"GAACATCAGGGTTCCC","Pt15_POD1194"
"GAACATCCAAATACAG","Pt15_POD1194"
"GAACATCGTAATAGCA","Pt15_POD1194"
"GAACATCTCGAATCCA","Pt15_POD1194"
"GAACCTAAGAGGGCTT","Pt15_POD1194"
"GAACCTAAGATGCCAG","Pt15_POD1194"
"GAACCTAAGCTGTTCA","Pt15_POD1194"
"GAACCTACACAGAGGT","Pt15_POD1194"
"GAACCTAGTACATCCA","Pt15_POD1194"
"GAACCTAGTGCTTCTC","Pt15_POD1194"
"GAACCTATCATATCGG","Pt15_POD1194"
"GAACCTATCCGCAAGC","Pt15_POD1194"
"GAACGGAAGATCCCGC","Pt15_POD1194"
"GAACGGACACGAAAGC","Pt15_POD1194"
"GAACGGATCGCTGATA","Pt15_POD1194"
"GAAGCAGAGGACTGGT","Pt15_POD1194"
"GAAGCAGAGGCAGTCA","Pt15_POD1194"
"GAAGCAGCACGGTGTC","Pt15_POD1194"
"GAAGCAGGTCATTAGC","Pt15_POD1194"
"GAAGCAGGTCTTCAAG","Pt15_POD1194"
"GAAGCAGTCGCGCCAA","Pt15_POD1194"
"GAAGCAGTCGTTGACA","Pt15_POD1194"
"GAATAAGCAGACGTAG","Pt15_POD1194"
"GAATAAGCATTGAGCT","Pt15_POD1194"
"GAATAAGGTGGTCTCG","Pt15_POD1194"
"GAATAAGGTGTTGGGA","Pt15_POD1194"
"GAATAAGTCACTTACT","Pt15_POD1194"
"GAATAAGTCCTTTACA","Pt15_POD1194"
"GAATGAAAGAGGGATA","Pt15_POD1194"
"GAATGAAGTGTATGGG","Pt15_POD1194"
"GAATGAATCGGCATCG","Pt15_POD1194"
"GAATGAATCTTCCTTC","Pt15_POD1194"
"GACACGCAGCAGCGTA","Pt15_POD1194"
"GACACGCAGTCGAGTG","Pt15_POD1194"
"GACACGCCACCTCGGA","Pt15_POD1194"
"GACACGCGTCCTGCTT","Pt15_POD1194"
"GACACGCGTCTCAACA","Pt15_POD1194"
"GACACGCGTTCCACAA","Pt15_POD1194"
"GACACGCTCAGTCAGT","Pt15_POD1194"
"GACAGAGAGATCGATA","Pt15_POD1194"
"GACAGAGCAGCTTAAC","Pt15_POD1194"
"GACAGAGGTAATCGTC","Pt15_POD1194"
"GACAGAGGTCAGAAGC","Pt15_POD1194"
"GACAGAGGTTCACGGC","Pt15_POD1194"
"GACAGAGTCAACGAAA","Pt15_POD1194"
"GACAGAGTCAGCTCTC","Pt15_POD1194"
"GACCAATAGGAATGGA","Pt15_POD1194"
"GACCAATAGTCATGCT","Pt15_POD1194"
"GACCAATGTCACCCAG","Pt15_POD1194"
"GACCAATTCGGCATCG","Pt15_POD1194"
"GACCTGGAGGTGCTAG","Pt15_POD1194"
"GACCTGGCAGTCGATT","Pt15_POD1194"
"GACCTGGGTCTTCGTC","Pt15_POD1194"
"GACCTGGGTTAGGGTG","Pt15_POD1194"
"GACGCGTAGCCAGAAC","Pt15_POD1194"
"GACGCGTAGTACATGA","Pt15_POD1194"
"GACGCGTGTAACGACG","Pt15_POD1194"
"GACGCGTTCGACAGCC","Pt15_POD1194"
"GACGGCTAGACAAGCC","Pt15_POD1194"
"GACGGCTAGGAGTTGC","Pt15_POD1194"
"GACGGCTCATTGCGGC","Pt15_POD1194"
"GACGGCTTCCTTGGTC","Pt15_POD1194"
"GACGTGCAGTCCCACG","Pt15_POD1194"
"GACGTGCCATCGGACC","Pt15_POD1194"
"GACGTGCCATGCTGGC","Pt15_POD1194"
"GACGTGCGTTATCCGA","Pt15_POD1194"
"GACGTTAAGCAGGCTA","Pt15_POD1194"
"GACGTTAAGCTAGTCT","Pt15_POD1194"
"GACGTTACACATTCGA","Pt15_POD1194"
"GACGTTATCCTTCAAT","Pt15_POD1194"
"GACGTTATCTACTCAT","Pt15_POD1194"
"GACTAACAGACAAGCC","Pt15_POD1194"
"GACTAACCAACTGCTA","Pt15_POD1194"
"GACTAACCAACTTGAC","Pt15_POD1194"
"GACTAACCACAGTCGC","Pt15_POD1194"
"GACTAACCACCTGGTG","Pt15_POD1194"
"GACTAACCATCCCACT","Pt15_POD1194"
"GACTAACCATTGGGCC","Pt15_POD1194"
"GACTAACGTGGAAAGA","Pt15_POD1194"
"GACTAACGTGTTAAGA","Pt15_POD1194"
"GACTAACTCACCAGGC","Pt15_POD1194"
"GACTAACTCCTTAATC","Pt15_POD1194"
"GACTACACATCCTAGA","Pt15_POD1194"
"GACTACAGTCTCGTTC","Pt15_POD1194"
"GACTGCGCAGCCTTTC","Pt15_POD1194"
"GACTGCGGTATAGTAG","Pt15_POD1194"
"GACTGCGGTTTAGCTG","Pt15_POD1194"
"GAGCAGAAGAGCTGCA","Pt15_POD1194"
"GAGCAGAAGCTAAACA","Pt15_POD1194"
"GAGCAGACACAACGCC","Pt15_POD1194"
"GAGCAGACACCTCGTT","Pt15_POD1194"
"GAGCAGACATGAAGTA","Pt15_POD1194"
"GAGCAGAGTAGCGATG","Pt15_POD1194"
"GAGCAGAGTAGCTTGT","Pt15_POD1194"
"GAGGTGACACACGCTG","Pt15_POD1194"
"GAGGTGAGTCTTGCGG","Pt15_POD1194"
"GAGGTGATCGAACGGA","Pt15_POD1194"
"GAGTCCGAGACACGAC","Pt15_POD1194"
"GAGTCCGCAGAGCCAA","Pt15_POD1194"
"GAGTCCGGTTACGCGC","Pt15_POD1194"
"GATCAGTAGTGGTAGC","Pt15_POD1194"
"GATCAGTCATGGTCAT","Pt15_POD1194"
"GATCAGTGTACCGAGA","Pt15_POD1194"
"GATCAGTGTCTCCCTA","Pt15_POD1194"
"GATCAGTGTGAGTATA","Pt15_POD1194"
"GATCAGTTCAAAGTAG","Pt15_POD1194"
"GATCGATCAAGAAAGG","Pt15_POD1194"
"GATCGATCAGACGCTC","Pt15_POD1194"
"GATCGATGTAAGTTCC","Pt15_POD1194"
"GATCGATGTGATGTCT","Pt15_POD1194"
"GATCGATTCCAATGGT","Pt15_POD1194"
"GATCGATTCTCAACTT","Pt15_POD1194"
"GATCGCGAGCCCTAAT","Pt15_POD1194"
"GATCGCGAGGGTCTCC","Pt15_POD1194"
"GATCGCGCAGGCGATA","Pt15_POD1194"
"GATCGCGTCTACGAGT","Pt15_POD1194"
"GATCGTAAGGCAATTA","Pt15_POD1194"
"GATCGTACACTAAGTC","Pt15_POD1194"
"GATCGTAGTATTACCG","Pt15_POD1194"
"GATCGTAGTCAAGCGA","Pt15_POD1194"
"GATCGTAGTTGGTAAA","Pt15_POD1194"
"GATCTAGCAGCAGTTT","Pt15_POD1194"
"GATCTAGTCCTTTACA","Pt15_POD1194"
"GATGAAAAGGTGCAAC","Pt15_POD1194"
"GATGAAACAAACCCAT","Pt15_POD1194"
"GATGAAACAAGTTCTG","Pt15_POD1194"
"GATGAAAGTTGGTTTG","Pt15_POD1194"
"GATGAAATCATTGCGA","Pt15_POD1194"
"GATGAGGCACATTCGA","Pt15_POD1194"
"GATGAGGCATGACGGA","Pt15_POD1194"
"GATGAGGGTCAAACTC","Pt15_POD1194"
"GATGAGGTCGTCCAGG","Pt15_POD1194"
"GATGCTAAGAATTGTG","Pt15_POD1194"
"GATGCTACAAACCCAT","Pt15_POD1194"
"GATGCTACATCACCCT","Pt15_POD1194"
"GATGCTAGTGGAAAGA","Pt15_POD1194"
"GATGCTAGTTGTACAC","Pt15_POD1194"
"GATGCTATCAACGCTA","Pt15_POD1194"
"GATGCTATCCAAACTG","Pt15_POD1194"
"GATGCTATCTCCTATA","Pt15_POD1194"
"GATTCAGCACTTAAGC","Pt15_POD1194"
"GATTCAGCATACTCTT","Pt15_POD1194"
"GATTCAGTCGTAGATC","Pt15_POD1194"
"GCAAACTAGAGACGAA","Pt15_POD1194"
"GCAAACTGTCACAAGG","Pt15_POD1194"
"GCAAACTGTCATGCCG","Pt15_POD1194"
"GCAAACTTCCGAATGT","Pt15_POD1194"
"GCAATCAAGCACCGCT","Pt15_POD1194"
"GCAATCAAGGTGACCA","Pt15_POD1194"
"GCAATCAAGGTGGGTT","Pt15_POD1194"
"GCAATCAAGTTAGCGG","Pt15_POD1194"
"GCAATCACACCCATTC","Pt15_POD1194"
"GCAATCACATTAGCCA","Pt15_POD1194"
"GCAATCAGTCCGTTAA","Pt15_POD1194"
"GCACATAAGTACATGA","Pt15_POD1194"
"GCACATAAGTTAGGTA","Pt15_POD1194"
"GCACATACAAATACAG","Pt15_POD1194"
"GCACATACAAGCTGAG","Pt15_POD1194"
"GCACATAGTCAATGTC","Pt15_POD1194"
"GCACATAGTGAGGCTA","Pt15_POD1194"
"GCACATATCTGGAGCC","Pt15_POD1194"
"GCACTCTCACTACAGT","Pt15_POD1194"
"GCACTCTCAGGATTGG","Pt15_POD1194"
"GCACTCTCAGTGGGAT","Pt15_POD1194"
"GCACTCTTCCTCAACC","Pt15_POD1194"
"GCACTCTTCGGCGCAT","Pt15_POD1194"
"GCAGCCACACTCTGTC","Pt15_POD1194"
"GCAGCCACATACCATG","Pt15_POD1194"
"GCAGCCAGTAAGTGGC","Pt15_POD1194"
"GCAGCCAGTAGGCTGA","Pt15_POD1194"
"GCAGCCAGTGCACCAC","Pt15_POD1194"
"GCAGTTAAGCGTTGCC","Pt15_POD1194"
"GCAGTTACAATTGCTG","Pt15_POD1194"
"GCAGTTAGTAACGTTC","Pt15_POD1194"
"GCAGTTAGTATGAATG","Pt15_POD1194"
"GCAGTTATCAACACTG","Pt15_POD1194"
"GCATACAAGCAGACTG","Pt15_POD1194"
"GCATACAAGCTACCTA","Pt15_POD1194"
"GCATACAGTCCGAGTC","Pt15_POD1194"
"GCATACAGTGAAATCA","Pt15_POD1194"
"GCATACAGTGTGGTTT","Pt15_POD1194"
"GCATACAGTTACGACT","Pt15_POD1194"
"GCATACATCCTAGTGA","Pt15_POD1194"
"GCATGATGTGGTAACG","Pt15_POD1194"
"GCATGCGCAATGTTGC","Pt15_POD1194"
"GCATGCGCAGACGCCT","Pt15_POD1194"
"GCATGCGCAGGGAGAG","Pt15_POD1194"
"GCATGCGGTAAGGATT","Pt15_POD1194"
"GCATGCGGTACCAGTT","Pt15_POD1194"
"GCATGCGGTGTCTGAT","Pt15_POD1194"
"GCATGCGGTTACCGAT","Pt15_POD1194"
"GCATGCGTCAGTTGAC","Pt15_POD1194"
"GCATGCGTCGGACAAG","Pt15_POD1194"
"GCATGTACATGGTAGG","Pt15_POD1194"
"GCATGTAGTTGTGGCC","Pt15_POD1194"
"GCATGTATCTTGGGTA","Pt15_POD1194"
"GCCAAATAGATCCCGC","Pt15_POD1194"
"GCCAAATAGTGAAGAG","Pt15_POD1194"
"GCCAAATGTCAGGACA","Pt15_POD1194"
"GCCAAATGTGAAAGAG","Pt15_POD1194"
"GCCAAATTCCACGCAG","Pt15_POD1194"
"GCCAAATTCGTGACAT","Pt15_POD1194"
"GCCTCTATCCAGAGGA","Pt15_POD1194"
"GCCTCTATCCGTACAA","Pt15_POD1194"
"GCCTCTATCTCCTATA","Pt15_POD1194"
"GCGACCAAGTTGCAGG","Pt15_POD1194"
"GCGACCACAATGGACG","Pt15_POD1194"
"GCGAGAAAGTACGATA","Pt15_POD1194"
"GCGAGAAAGTGAATTG","Pt15_POD1194"
"GCGAGAAAGTGATCGG","Pt15_POD1194"
"GCGAGAACAAAGTCAA","Pt15_POD1194"
"GCGAGAACATCGGTTA","Pt15_POD1194"
"GCGAGAAGTGTAACGG","Pt15_POD1194"
"GCGAGAATCGGAAACG","Pt15_POD1194"
"GCGCAACAGTAACCCT","Pt15_POD1194"
"GCGCAACGTAACGTTC","Pt15_POD1194"
"GCGCAACTCACGGTTA","Pt15_POD1194"
"GCGCAACTCAGTTAGC","Pt15_POD1194"
"GCGCAACTCGCACTCT","Pt15_POD1194"
"GCGCAACTCTTGAGAC","Pt15_POD1194"
"GCGCAGTGTAATTGGA","Pt15_POD1194"
"GCGCAGTTCCACGACG","Pt15_POD1194"
"GCGCAGTTCGCATGAT","Pt15_POD1194"
"GCGCCAACAGTGGGAT","Pt15_POD1194"
"GCGCGATAGCTAAGAT","Pt15_POD1194"
"GCGCGATCAGGGTACA","Pt15_POD1194"
"GCGCGATTCGGCGCAT","Pt15_POD1194"
"GCGGGTTCAAGTTCTG","Pt15_POD1194"
"GCGGGTTCACGGTAAG","Pt15_POD1194"
"GCGGGTTCAGCTCGCA","Pt15_POD1194"
"GCGGGTTGTCTAGGTT","Pt15_POD1194"
"GCGGGTTTCCTCAATT","Pt15_POD1194"
"GCTCCTACAAGAAAGG","Pt15_POD1194"
"GCTCCTAGTCTCCACT","Pt15_POD1194"
"GCTCCTATCCGTCAAA","Pt15_POD1194"
"GCTCCTATCGTAGATC","Pt15_POD1194"
"GCTCCTATCTTAACCT","Pt15_POD1194"
"GCTCTGTAGCGTTGCC","Pt15_POD1194"
"GCTCTGTAGGTGCAAC","Pt15_POD1194"
"GCTCTGTCATCATCCC","Pt15_POD1194"
"GCTCTGTTCATATCGG","Pt15_POD1194"
"GCTCTGTTCCATGAGT","Pt15_POD1194"
"GCTCTGTTCTTGTATC","Pt15_POD1194"
"GCTGCAGAGTCGTACT","Pt15_POD1194"
"GCTGCAGCAGTCAGCC","Pt15_POD1194"
"GCTGCAGGTAAGCACG","Pt15_POD1194"
"GCTGCGAAGCTGATAA","Pt15_POD1194"
"GCTGCGAAGTATCTCG","Pt15_POD1194"
"GCTGCGACAAGCGCTC","Pt15_POD1194"
"GCTGCGACACTGAAGG","Pt15_POD1194"
"GCTGCGACATTCTCAT","Pt15_POD1194"
"GCTGCGAGTGGCCCTA","Pt15_POD1194"
"GCTGCTTAGTAGCCGA","Pt15_POD1194"
"GCTGCTTAGTTATCGC","Pt15_POD1194"
"GCTGCTTCAGCGAACA","Pt15_POD1194"
"GCTGCTTCATTCTCAT","Pt15_POD1194"
"GCTGCTTGTACTTCTT","Pt15_POD1194"
"GCTGCTTGTCCGAATT","Pt15_POD1194"
"GCTGCTTGTGCTGTAT","Pt15_POD1194"
"GCTGCTTTCAAGATCC","Pt15_POD1194"
"GCTGGGTAGCTATGCT","Pt15_POD1194"
"GCTGGGTAGGAATGGA","Pt15_POD1194"
"GCTGGGTAGGCGACAT","Pt15_POD1194"
"GCTGGGTAGTTGAGTA","Pt15_POD1194"
"GCTGGGTCACATTCGA","Pt15_POD1194"
"GCTGGGTCAGATTGCT","Pt15_POD1194"
"GCTGGGTCATAGAAAC","Pt15_POD1194"
"GCTGGGTCATCCTAGA","Pt15_POD1194"
"GCTGGGTGTCTAAACC","Pt15_POD1194"
"GCTGGGTGTGATGATA","Pt15_POD1194"
"GCTGGGTGTTATCACG","Pt15_POD1194"
"GCTGGGTTCAACACTG","Pt15_POD1194"
"GCTTCCAAGGTGTGGT","Pt15_POD1194"
"GCTTCCATCGTCCGTT","Pt15_POD1194"
"GCTTGAAAGCAAATCA","Pt15_POD1194"
"GCTTGAACATCACGTA","Pt15_POD1194"
"GCTTGAAGTGTAACGG","Pt15_POD1194"
"GGAAAGCAGACGCTTT","Pt15_POD1194"
"GGAAAGCAGGTGCAAC","Pt15_POD1194"
"GGAAAGCTCGAATGCT","Pt15_POD1194"
"GGAACTTAGGACTGGT","Pt15_POD1194"
"GGAACTTCAATCTGCA","Pt15_POD1194"
"GGAACTTCACCCATTC","Pt15_POD1194"
"GGAACTTTCGTGGACC","Pt15_POD1194"
"GGAATAAAGTGCTGCC","Pt15_POD1194"
"GGAATAAGTAAGTGGC","Pt15_POD1194"
"GGAATAAGTATAATGG","Pt15_POD1194"
"GGAATAAGTGATGATA","Pt15_POD1194"
"GGAATAATCCCTTGCA","Pt15_POD1194"
"GGAATAATCTACTCAT","Pt15_POD1194"
"GGACAAGAGAGACGAA","Pt15_POD1194"
"GGACAAGAGAGCTTCT","Pt15_POD1194"
"GGACAAGCATGATCCA","Pt15_POD1194"
"GGACAGAAGTAGGCCA","Pt15_POD1194"
"GGACAGAAGTGTTTGC","Pt15_POD1194"
"GGACAGACACAGACTT","Pt15_POD1194"
"GGACAGACACGGCGTT","Pt15_POD1194"
"GGACAGAGTCATACTG","Pt15_POD1194"
"GGACAGAGTTCGCGAC","Pt15_POD1194"
"GGACAGATCTATGTGG","Pt15_POD1194"
"GGACATTAGCCACTAT","Pt15_POD1194"
"GGACATTCAAAGGCGT","Pt15_POD1194"
"GGACATTCAGTAAGCG","Pt15_POD1194"
"GGACATTCATAGAAAC","Pt15_POD1194"
"GGACATTTCCCGACTT","Pt15_POD1194"
"GGACATTTCCGAATGT","Pt15_POD1194"
"GGACGTCAGGCAATTA","Pt15_POD1194"
"GGACGTCAGGGATCTG","Pt15_POD1194"
"GGACGTCCACAGACAG","Pt15_POD1194"
"GGACGTCCACGAAACG","Pt15_POD1194"
"GGAGCAAAGCTGTCTA","Pt15_POD1194"
"GGAGCAAAGGAATGGA","Pt15_POD1194"
"GGAGCAAAGTGTGGCA","Pt15_POD1194"
"GGAGCAACAAGTAATG","Pt15_POD1194"
"GGAGCAACAGACAGGT","Pt15_POD1194"
"GGAGCAACAGGTTTCA","Pt15_POD1194"
"GGAGCAAGTTCGTTGA","Pt15_POD1194"
"GGAGCAATCCACGAAT","Pt15_POD1194"
"GGATGTTAGTTCCACA","Pt15_POD1194"
"GGATGTTCAAACAACA","Pt15_POD1194"
"GGATGTTCACCTCGGA","Pt15_POD1194"
"GGATGTTGTGCAACGA","Pt15_POD1194"
"GGATGTTTCTTGTATC","Pt15_POD1194"
"GGATTACAGGCAGGTT","Pt15_POD1194"
"GGATTACAGTGGAGTC","Pt15_POD1194"
"GGATTACCAGCTATTG","Pt15_POD1194"
"GGATTACGTCAAACTC","Pt15_POD1194"
"GGATTACTCAACACCA","Pt15_POD1194"
"GGATTACTCATGTCCC","Pt15_POD1194"
"GGCAATTCAATCAGAA","Pt15_POD1194"
"GGCAATTCACCCAGTG","Pt15_POD1194"
"GGCAATTCAGTAAGAT","Pt15_POD1194"
"GGCAATTGTCTCTCTG","Pt15_POD1194"
"GGCAATTGTGAAAGAG","Pt15_POD1194"
"GGCAATTTCACCGTAA","Pt15_POD1194"
"GGCAATTTCCGAGCCA","Pt15_POD1194"
"GGCAATTTCTTATCTG","Pt15_POD1194"
"GGCCGATAGATCTGCT","Pt15_POD1194"
"GGCCGATCAAGGTTTC","Pt15_POD1194"
"GGCCGATGTCTAACGT","Pt15_POD1194"
"GGCCGATTCAGAGGTG","Pt15_POD1194"
"GGCGACTAGATCCCGC","Pt15_POD1194"
"GGCGACTCAAGGACAC","Pt15_POD1194"
"GGCGACTCACATGGGA","Pt15_POD1194"
"GGCGACTGTATATCCG","Pt15_POD1194"
"GGCGACTTCCTCAATT","Pt15_POD1194"
"GGCGTGTAGACAGAGA","Pt15_POD1194"
"GGCGTGTCACAACTGT","Pt15_POD1194"
"GGCGTGTCACCAGGTC","Pt15_POD1194"
"GGCGTGTGTTCGTGAT","Pt15_POD1194"
"GGCGTGTTCGCGGATC","Pt15_POD1194"
"GGCTCGAAGCGATTCT","Pt15_POD1194"
"GGCTCGAAGCTGAAAT","Pt15_POD1194"
"GGCTCGACATCACCCT","Pt15_POD1194"
"GGCTCGACATGGTCTA","Pt15_POD1194"
"GGCTCGATCAAAGTAG","Pt15_POD1194"
"GGCTCGATCGCATGGC","Pt15_POD1194"
"GGCTCGATCTCCCTGA","Pt15_POD1194"
"GGCTGGTAGTCGTTTG","Pt15_POD1194"
"GGCTGGTCACCTCGTT","Pt15_POD1194"
"GGCTGGTCACGGTAAG","Pt15_POD1194"
"GGCTGGTGTAGCACGA","Pt15_POD1194"
"GGCTGGTGTGAAGGCT","Pt15_POD1194"
"GGCTGGTGTGATAAGT","Pt15_POD1194"
"GGCTGGTGTGCCTGGT","Pt15_POD1194"
"GGCTGGTTCACAATGC","Pt15_POD1194"
"GGCTGGTTCAGTGTTG","Pt15_POD1194"
"GGCTGGTTCATGTCTT","Pt15_POD1194"
"GGCTGGTTCATTTGGG","Pt15_POD1194"
"GGCTGGTTCGAGAGCA","Pt15_POD1194"
"GGGAATGCAGCTGCAC","Pt15_POD1194"
"GGGAATGCATGGTCTA","Pt15_POD1194"
"GGGAATGGTCCGAAGA","Pt15_POD1194"
"GGGACCTAGACTTGAA","Pt15_POD1194"
"GGGACCTAGGGCTTGA","Pt15_POD1194"
"GGGACCTCAGGGTATG","Pt15_POD1194"
"GGGACCTCAGGTGGAT","Pt15_POD1194"
"GGGACCTGTCCAAGTT","Pt15_POD1194"
"GGGACCTGTCTAGCGC","Pt15_POD1194"
"GGGACCTGTCTCAACA","Pt15_POD1194"
"GGGACCTTCGCGCCAA","Pt15_POD1194"
"GGGACCTTCTCGCATC","Pt15_POD1194"
"GGGAGATAGACGCAAC","Pt15_POD1194"
"GGGAGATAGTATCGAA","Pt15_POD1194"
"GGGAGATGTCAGAATA","Pt15_POD1194"
"GGGATGAAGAATTGTG","Pt15_POD1194"
"GGGATGAAGCGTGAAC","Pt15_POD1194"
"GGGATGACAATAGAGT","Pt15_POD1194"
"GGGATGAGTCCGTCAG","Pt15_POD1194"
"GGGATGAGTGGGTCAA","Pt15_POD1194"
"GGGATGAGTTTACTCT","Pt15_POD1194"
"GGGATGATCTTCTGGC","Pt15_POD1194"
"GGGCACTAGTAACCCT","Pt15_POD1194"
"GGGCACTTCTCCCTGA","Pt15_POD1194"
"GGGCATCGTATCGCAT","Pt15_POD1194"
"GGGCATCGTTAAAGAC","Pt15_POD1194"
"GGGCATCTCCGATATG","Pt15_POD1194"
"GGGCATCTCCGTCATC","Pt15_POD1194"
"GGGTCTGAGTTCGATC","Pt15_POD1194"
"GGGTCTGCAACGCACC","Pt15_POD1194"
"GGGTCTGGTAAATACG","Pt15_POD1194"
"GGGTCTGTCGGACAAG","Pt15_POD1194"
"GGGTTGCCACCGGAAA","Pt15_POD1194"
"GGGTTGCGTAAACCTC","Pt15_POD1194"
"GGGTTGCTCAGGATCT","Pt15_POD1194"
"GGGTTGCTCTAACTGG","Pt15_POD1194"
"GGTATTGAGGCATGTG","Pt15_POD1194"
"GGTATTGGTCTAGCCG","Pt15_POD1194"
"GGTATTGGTGTAAGTA","Pt15_POD1194"
"GGTATTGTCAAACCAC","Pt15_POD1194"
"GGTGAAGGTCCAGTTA","Pt15_POD1194"
"GGTGAAGGTCGAACAG","Pt15_POD1194"
"GGTGAAGGTTAAGTAG","Pt15_POD1194"
"GGTGAAGTCATCACCC","Pt15_POD1194"
"GGTGAAGTCCTTGCCA","Pt15_POD1194"
"GGTGCGTAGACGACGT","Pt15_POD1194"
"GGTGCGTCAAGCCGTC","Pt15_POD1194"
"GGTGCGTCACTACAGT","Pt15_POD1194"
"GGTGCGTGTTAAGAAC","Pt15_POD1194"
"GGTGTTAAGGCAATTA","Pt15_POD1194"
"GGTGTTAAGGGTGTTG","Pt15_POD1194"
"GGTGTTAAGTGTTGAA","Pt15_POD1194"
"GGTGTTACAACACCTA","Pt15_POD1194"
"GGTGTTACATTCCTCG","Pt15_POD1194"
"GGTGTTAGTAGAGCTG","Pt15_POD1194"
"GGTGTTAGTCCAGTTA","Pt15_POD1194"
"GTAACGTCAACGCACC","Pt15_POD1194"
"GTAACGTGTGTTGGGA","Pt15_POD1194"
"GTAACGTTCCTATTCA","Pt15_POD1194"
"GTAACGTTCTACGAGT","Pt15_POD1194"
"GTAACGTTCTATCCCG","Pt15_POD1194"
"GTAACTGAGCACGCCT","Pt15_POD1194"
"GTAACTGGTCCCTTGT","Pt15_POD1194"
"GTAACTGGTGTATGGG","Pt15_POD1194"
"GTAACTGTCAATCTCT","Pt15_POD1194"
"GTAACTGTCCGCAAGC","Pt15_POD1194"
"GTACGTACACAGAGGT","Pt15_POD1194"
"GTACGTACAGGGTTAG","Pt15_POD1194"
"GTACGTACATCGACGC","Pt15_POD1194"
"GTACGTAGTGTGCGTC","Pt15_POD1194"
"GTACTCCAGAGCCTAG","Pt15_POD1194"
"GTACTCCAGATAGGAG","Pt15_POD1194"
"GTACTCCCAAGTAATG","Pt15_POD1194"
"GTACTCCCAGGAACGT","Pt15_POD1194"
"GTACTCCGTCGACTAT","Pt15_POD1194"
"GTACTCCTCAATCACG","Pt15_POD1194"
"GTACTCCTCCTCATTA","Pt15_POD1194"
"GTACTCCTCGGATGTT","Pt15_POD1194"
"GTACTTTAGCGTGAAC","Pt15_POD1194"
"GTACTTTGTCACCTAA","Pt15_POD1194"
"GTACTTTTCAGATAAG","Pt15_POD1194"
"GTACTTTTCCCAAGAT","Pt15_POD1194"
"GTAGGCCCATGCAATC","Pt15_POD1194"
"GTAGGCCTCCTTGGTC","Pt15_POD1194"
"GTAGTCAAGAAGGACA","Pt15_POD1194"
"GTAGTCAAGTTTAGGA","Pt15_POD1194"
"GTAGTCACATTCTTAC","Pt15_POD1194"
"GTAGTCAGTCTGATTG","Pt15_POD1194"
"GTAGTCAGTTTCGCTC","Pt15_POD1194"
"GTAGTCAGTTTGTTGG","Pt15_POD1194"
"GTAGTCATCAGCACAT","Pt15_POD1194"
"GTAGTCATCTCTTGAT","Pt15_POD1194"
"GTATCTTAGAAGGTGA","Pt15_POD1194"
"GTATCTTAGCACAGGT","Pt15_POD1194"
"GTATCTTAGGTTACCT","Pt15_POD1194"
"GTATCTTAGTAGGCCA","Pt15_POD1194"
"GTATCTTTCTTCTGGC","Pt15_POD1194"
"GTATTCTAGGTCGGAT","Pt15_POD1194"
"GTATTCTCACACCGAC","Pt15_POD1194"
"GTATTCTCACTTGGAT","Pt15_POD1194"
"GTATTCTGTCTCGTTC","Pt15_POD1194"
"GTCAAGTAGTCAAGGC","Pt15_POD1194"
"GTCAAGTCAGGGTTAG","Pt15_POD1194"
"GTCAAGTGTCGGGTCT","Pt15_POD1194"
"GTCAAGTGTGAGTGAC","Pt15_POD1194"
"GTCAAGTTCGTAGATC","Pt15_POD1194"
"GTCACGGCATCTGGTA","Pt15_POD1194"
"GTCACGGTCAGGCCCA","Pt15_POD1194"
"GTCACGGTCGATGAGG","Pt15_POD1194"
"GTCACGGTCGCCAAAT","Pt15_POD1194"
"GTCATTTCAAGAAGAG","Pt15_POD1194"
"GTCATTTCACTTCTGC","Pt15_POD1194"
"GTCATTTCAGCTGCTG","Pt15_POD1194"
"GTCCTCAAGCTGCCCA","Pt15_POD1194"
"GTCCTCAGTACGCACC","Pt15_POD1194"
"GTCCTCAGTACTCGCG","Pt15_POD1194"
"GTCCTCAGTCTAGAGG","Pt15_POD1194"
"GTCCTCATCATTATCC","Pt15_POD1194"
"GTCGGGTAGTGGTAGC","Pt15_POD1194"
"GTCGGGTCATGGGACA","Pt15_POD1194"
"GTCGGGTTCACCGTAA","Pt15_POD1194"
"GTCGGGTTCGGATGGA","Pt15_POD1194"
"GTCGTAAAGATAGTCA","Pt15_POD1194"
"GTCGTAACATGACATC","Pt15_POD1194"
"GTCGTAAGTCGACTAT","Pt15_POD1194"
"GTCGTAAGTCTCTTTA","Pt15_POD1194"
"GTCGTAAGTTCCACTC","Pt15_POD1194"
"GTCGTAATCAAGGTAA","Pt15_POD1194"
"GTCGTAATCCTAAGTG","Pt15_POD1194"
"GTCGTAATCTCCGGTT","Pt15_POD1194"
"GTCTCGTAGCCCAGCT","Pt15_POD1194"
"GTCTCGTTCCTTGCCA","Pt15_POD1194"
"GTCTCGTTCTTCAACT","Pt15_POD1194"
"GTCTTCGAGAAGATTC","Pt15_POD1194"
"GTCTTCGAGGACAGAA","Pt15_POD1194"
"GTCTTCGGTAGAGTGC","Pt15_POD1194"
"GTCTTCGTCAGCTCTC","Pt15_POD1194"
"GTCTTCGTCGAACGGA","Pt15_POD1194"
"GTGAAGGAGGCCCTTG","Pt15_POD1194"
"GTGAAGGAGGTAAACT","Pt15_POD1194"
"GTGAAGGGTACGAAAT","Pt15_POD1194"
"GTGAAGGTCACGCGGT","Pt15_POD1194"
"GTGAAGGTCAGTACGT","Pt15_POD1194"
"GTGAAGGTCCATGAGT","Pt15_POD1194"
"GTGAAGGTCCGAGCCA","Pt15_POD1194"
"GTGCAGCAGAGACTAT","Pt15_POD1194"
"GTGCAGCAGGACAGAA","Pt15_POD1194"
"GTGCAGCCAATGTTGC","Pt15_POD1194"
"GTGCAGCCATTCGACA","Pt15_POD1194"
"GTGCAGCTCCGAACGC","Pt15_POD1194"
"GTGCAGCTCCTTTCGG","Pt15_POD1194"
"GTGCAGCTCTGAAAGA","Pt15_POD1194"
"GTGCAGCTCTGTCCGT","Pt15_POD1194"
"GTGCATAAGGCATGTG","Pt15_POD1194"
"GTGCATACACATCCAA","Pt15_POD1194"
"GTGCATAGTTACGCGC","Pt15_POD1194"
"GTGCATAGTTTGTGTG","Pt15_POD1194"
"GTGCATATCGTGGGAA","Pt15_POD1194"
"GTGCATATCTCTGTCG","Pt15_POD1194"
"GTGCGGTAGCACAGGT","Pt15_POD1194"
"GTGCGGTCAAAGGAAG","Pt15_POD1194"
"GTGCGGTGTGAGGGAG","Pt15_POD1194"
"GTGCGGTGTGCGGTAA","Pt15_POD1194"
"GTGCGGTTCGAGAACG","Pt15_POD1194"
"GTGCGGTTCGCGTTTC","Pt15_POD1194"
"GTGCTTCAGATGTCGG","Pt15_POD1194"
"GTGCTTCAGCTAACTC","Pt15_POD1194"
"GTGCTTCCAGTAGAGC","Pt15_POD1194"
"GTGGGTCCAAGAAGAG","Pt15_POD1194"
"GTGGGTCGTCAACTGT","Pt15_POD1194"
"GTGTGCGCAGACAAAT","Pt15_POD1194"
"GTGTGCGGTCCCGACA","Pt15_POD1194"
"GTGTGCGGTCGGATCC","Pt15_POD1194"
"GTGTGCGTCCAAGTAC","Pt15_POD1194"
"GTGTGCGTCGTTTATC","Pt15_POD1194"
"GTGTTAGAGAGTCTGG","Pt15_POD1194"
"GTGTTAGCACGGCCAT","Pt15_POD1194"
"GTGTTAGCATTAGGCT","Pt15_POD1194"
"GTTAAGCAGCTAACTC","Pt15_POD1194"
"GTTAAGCAGGCTAGAC","Pt15_POD1194"
"GTTAAGCCAGGGTACA","Pt15_POD1194"
"GTTAAGCGTAGCGCAA","Pt15_POD1194"
"GTTAAGCGTCTTTCAT","Pt15_POD1194"
"GTTAAGCTCAAGATCC","Pt15_POD1194"
"GTTAAGCTCACAGTAC","Pt15_POD1194"
"GTTACAGAGACCCACC","Pt15_POD1194"
"GTTACAGAGCCCAATT","Pt15_POD1194"
"GTTACAGGTCTAGCGC","Pt15_POD1194"
"GTTACAGTCTACCTGC","Pt15_POD1194"
"GTTCATTGTAACGACG","Pt15_POD1194"
"GTTCATTGTAGGGTAC","Pt15_POD1194"
"GTTCATTGTCAGATAA","Pt15_POD1194"
"GTTCATTGTTCCTCCA","Pt15_POD1194"
"GTTCATTTCATTGCGA","Pt15_POD1194"
"GTTCATTTCTTGCATT","Pt15_POD1194"
"GTTCGGGAGGAGTAGA","Pt15_POD1194"
"GTTCGGGCAAACAACA","Pt15_POD1194"
"GTTCGGGCAAATACAG","Pt15_POD1194"
"GTTCGGGGTAGCGCTC","Pt15_POD1194"
"GTTCGGGGTGTTTGGT","Pt15_POD1194"
"GTTCGGGTCCTCAATT","Pt15_POD1194"
"GTTCTCGAGGTGCACA","Pt15_POD1194"
"GTTCTCGAGTTAGGTA","Pt15_POD1194"
"GTTCTCGGTCGTTGTA","Pt15_POD1194"
"GTTCTCGGTTACGGAG","Pt15_POD1194"
"GTTTCTAAGGGAAACA","Pt15_POD1194"
"GTTTCTACAAGACGTG","Pt15_POD1194"
"GTTTCTAGTAGCTAAA","Pt15_POD1194"
"GTTTCTAGTAGCTCCG","Pt15_POD1194"
"GTTTCTAGTGGTACAG","Pt15_POD1194"
"GTTTCTATCACGGTTA","Pt15_POD1194"
"GTTTCTATCAGCTTAG","Pt15_POD1194"
"GTTTCTATCCTACAGA","Pt15_POD1194"
"TAAACCGCAAACAACA","Pt15_POD1194"
"TAAACCGCAGTTCATG","Pt15_POD1194"
"TAAACCGTCACGCATA","Pt15_POD1194"
"TAAACCGTCCTGCTTG","Pt15_POD1194"
"TAAACCGTCTTACCTA","Pt15_POD1194"
"TAAGAGAAGTCCATAC","Pt15_POD1194"
"TAAGAGAAGTCGTACT","Pt15_POD1194"
"TAAGAGACACATGGGA","Pt15_POD1194"
"TAAGAGAGTACCGCTG","Pt15_POD1194"
"TAAGAGATCCATGCTC","Pt15_POD1194"
"TAAGAGATCTTCGGTC","Pt15_POD1194"
"TAAGAGATCTTGAGAC","Pt15_POD1194"
"TAAGCGTAGGCTCTTA","Pt15_POD1194"
"TAAGCGTAGGGTTCCC","Pt15_POD1194"
"TAAGCGTCACACCGAC","Pt15_POD1194"
"TAAGCGTCACCGAAAG","Pt15_POD1194"
"TAAGCGTGTTCACGGC","Pt15_POD1194"
"TAAGCGTTCCAGGGCT","Pt15_POD1194"
"TAAGCGTTCGCACTCT","Pt15_POD1194"
"TAAGCGTTCTGCTGCT","Pt15_POD1194"
"TAAGTGCAGTAGCGGT","Pt15_POD1194"
"TAAGTGCCAAGCTGTT","Pt15_POD1194"
"TAAGTGCCACCTCGGA","Pt15_POD1194"
"TAAGTGCCAGGCTCAC","Pt15_POD1194"
"TAAGTGCTCAAACCGT","Pt15_POD1194"
"TAAGTGCTCGTTGACA","Pt15_POD1194"
"TACAGTGCAGTTTACG","Pt15_POD1194"
"TACAGTGTCCAAATGC","Pt15_POD1194"
"TACAGTGTCCCTCTTT","Pt15_POD1194"
"TACCTATAGCGTGAGT","Pt15_POD1194"
"TACCTATAGTTGCAGG","Pt15_POD1194"
"TACCTATCACCAGTTA","Pt15_POD1194"
"TACCTATCACCTTGTC","Pt15_POD1194"
"TACCTATTCACAATGC","Pt15_POD1194"
"TACCTATTCTCTAAGG","Pt15_POD1194"
"TACCTTAAGCGCCTTG","Pt15_POD1194"
"TACCTTAAGTGGGTTG","Pt15_POD1194"
"TACCTTACAGCTCCGA","Pt15_POD1194"
"TACCTTACATTAGCCA","Pt15_POD1194"
"TACCTTAGTGGCGAAT","Pt15_POD1194"
"TACCTTATCTGCGACG","Pt15_POD1194"
"TACGGATGTTTGACAC","Pt15_POD1194"
"TACGGGCCATCTACGA","Pt15_POD1194"
"TACGGGCGTAATCGTC","Pt15_POD1194"
"TACGGGCGTGGGTATG","Pt15_POD1194"
"TACGGGCGTTAGGGTG","Pt15_POD1194"
"TACGGGCTCACCACCT","Pt15_POD1194"
"TACGGGCTCACTATTC","Pt15_POD1194"
"TACGGTAAGTGGCACA","Pt15_POD1194"
"TACGGTACAGGCTCAC","Pt15_POD1194"
"TACGGTAGTAGCTTGT","Pt15_POD1194"
"TACGGTATCCAAACAC","Pt15_POD1194"
"TACGGTATCTTGGGTA","Pt15_POD1194"
"TACTCATAGCTGCGAA","Pt15_POD1194"
"TACTCATCAATCTGCA","Pt15_POD1194"
"TACTCATCATGAGCGA","Pt15_POD1194"
"TACTCATTCGCCCTTA","Pt15_POD1194"
"TACTCATTCGCTGATA","Pt15_POD1194"
"TACTCATTCGGAGCAA","Pt15_POD1194"
"TACTCGCAGCTAAACA","Pt15_POD1194"
"TACTCGCAGTGACATA","Pt15_POD1194"
"TACTCGCAGTGGCACA","Pt15_POD1194"
"TACTCGCCATCCTTGC","Pt15_POD1194"
"TACTCGCCATTACCTT","Pt15_POD1194"
"TACTCGCTCTACTATC","Pt15_POD1194"
"TACTTACAGCTCAACT","Pt15_POD1194"
"TACTTACAGGTGGGTT","Pt15_POD1194"
"TACTTACAGTGTCTCA","Pt15_POD1194"
"TACTTACGTCCAGTGC","Pt15_POD1194"
"TACTTACTCACCCTCA","Pt15_POD1194"
"TACTTACTCAGAGCTT","Pt15_POD1194"
"TACTTGTAGACAGACC","Pt15_POD1194"
"TACTTGTCAGGCTCAC","Pt15_POD1194"
"TACTTGTGTCACTTCC","Pt15_POD1194"
"TACTTGTTCTCTAAGG","Pt15_POD1194"
"TAGACCAAGAGGTACC","Pt15_POD1194"
"TAGACCAAGAGTACAT","Pt15_POD1194"
"TAGACCAAGCTCAACT","Pt15_POD1194"
"TAGACCACACCGGAAA","Pt15_POD1194"
"TAGACCACACGCTTTC","Pt15_POD1194"
"TAGACCATCAAGAAGT","Pt15_POD1194"
"TAGACCATCGGGAGTA","Pt15_POD1194"
"TAGAGCTCAGCGAACA","Pt15_POD1194"
"TAGCCGGAGAAGGTTT","Pt15_POD1194"
"TAGCCGGAGACAAGCC","Pt15_POD1194"
"TAGCCGGCACGGCCAT","Pt15_POD1194"
"TAGCCGGCAGACTCGC","Pt15_POD1194"
"TAGCCGGGTGCAGTAG","Pt15_POD1194"
"TAGCCGGGTGTGGCTC","Pt15_POD1194"
"TAGGCATAGTCAAGGC","Pt15_POD1194"
"TAGGCATCAGTACACT","Pt15_POD1194"
"TAGGCATGTGTAATGA","Pt15_POD1194"
"TAGGCATGTTAGAACA","Pt15_POD1194"
"TAGGCATTCTTCATGT","Pt15_POD1194"
"TAGTGGTAGAAACGAG","Pt15_POD1194"
"TAGTGGTAGCTGCCCA","Pt15_POD1194"
"TAGTGGTCACAGACTT","Pt15_POD1194"
"TAGTGGTGTCCAGTAT","Pt15_POD1194"
"TAGTGGTGTCCTAGCG","Pt15_POD1194"
"TAGTGGTGTGAGGGTT","Pt15_POD1194"
"TAGTGGTTCTGTCAAG","Pt15_POD1194"
"TAGTTGGAGTTGAGAT","Pt15_POD1194"
"TAGTTGGCAACTTGAC","Pt15_POD1194"
"TAGTTGGTCGCAAGCC","Pt15_POD1194"
"TATCAGGAGTTACCCA","Pt15_POD1194"
"TATCAGGTCACCGTAA","Pt15_POD1194"
"TATCAGGTCTGTTTGT","Pt15_POD1194"
"TATCTCAAGATGTTAG","Pt15_POD1194"
"TATCTCAAGTAAGTAC","Pt15_POD1194"
"TATCTCAGTCTAGTGT","Pt15_POD1194"
"TATCTCATCGAGAGCA","Pt15_POD1194"
"TATCTCATCTTGTATC","Pt15_POD1194"
"TATGCCCCAAATCCGT","Pt15_POD1194"
"TATGCCCCATCCGGGT","Pt15_POD1194"
"TATGCCCGTGCCTGCA","Pt15_POD1194"
"TATGCCCTCAGGTTCA","Pt15_POD1194"
"TATTACCAGAGATGAG","Pt15_POD1194"
"TATTACCCAAGCTGGA","Pt15_POD1194"
"TATTACCCAATACGCT","Pt15_POD1194"
"TATTACCCAATGGAGC","Pt15_POD1194"
"TATTACCTCATGTAGC","Pt15_POD1194"
"TATTACCTCGAATCCA","Pt15_POD1194"
"TCAACGACAAGAGTCG","Pt15_POD1194"
"TCAACGACAGTGACAG","Pt15_POD1194"
"TCAACGACATTAGCCA","Pt15_POD1194"
"TCAACGAGTCGAATCT","Pt15_POD1194"
"TCAACGAGTGGAAAGA","Pt15_POD1194"
"TCAACGATCACTCTTA","Pt15_POD1194"
"TCAACGATCAGTTTGG","Pt15_POD1194"
"TCAATCTCACATCCGG","Pt15_POD1194"
"TCAATCTGTCGAATCT","Pt15_POD1194"
"TCAATCTGTCGCATCG","Pt15_POD1194"
"TCAATCTTCAGGTAAA","Pt15_POD1194"
"TCACAAGAGTTCGCGC","Pt15_POD1194"
"TCACAAGCACCACGTG","Pt15_POD1194"
"TCACAAGCACCGATAT","Pt15_POD1194"
"TCACAAGCACTGAAGG","Pt15_POD1194"
"TCACAAGGTCTAAACC","Pt15_POD1194"
"TCACAAGTCTCCTATA","Pt15_POD1194"
"TCACGAAAGCGATCCC","Pt15_POD1194"
"TCACGAAAGGCATTGG","Pt15_POD1194"
"TCACGAAAGTATCGAA","Pt15_POD1194"
"TCACGAACAATGGAAT","Pt15_POD1194"
"TCACGAACATAGGATA","Pt15_POD1194"
"TCACGAATCCCTTGCA","Pt15_POD1194"
"TCAGATGAGACATAAC","Pt15_POD1194"
"TCAGATGAGATGTCGG","Pt15_POD1194"
"TCAGATGAGGAGTAGA","Pt15_POD1194"
"TCAGATGGTCCAGTAT","Pt15_POD1194"
"TCAGATGTCTGCTTGC","Pt15_POD1194"
"TCAGCAAAGACTTTCG","Pt15_POD1194"
"TCAGCAAAGGGATACC","Pt15_POD1194"
"TCAGCAACACCACCAG","Pt15_POD1194"
"TCAGCAACAGGATTGG","Pt15_POD1194"
"TCAGCAACAGGTCCAC","Pt15_POD1194"
"TCAGCAAGTTACGCGC","Pt15_POD1194"
"TCAGCTCAGAAGGACA","Pt15_POD1194"
"TCAGCTCAGTCCTCCT","Pt15_POD1194"
"TCAGCTCAGTTTCCTT","Pt15_POD1194"
"TCAGCTCCAGTCGATT","Pt15_POD1194"
"TCAGCTCGTACAGTGG","Pt15_POD1194"
"TCAGCTCGTATTAGCC","Pt15_POD1194"
"TCAGCTCTCACCTCGT","Pt15_POD1194"
"TCAGGATAGAGCTGCA","Pt15_POD1194"
"TCAGGATAGATACACA","Pt15_POD1194"
"TCAGGATAGTACGATA","Pt15_POD1194"
"TCAGGATCAACTGGCC","Pt15_POD1194"
"TCAGGATCACGGTGTC","Pt15_POD1194"
"TCAGGATCACTTAAGC","Pt15_POD1194"
"TCAGGATCAGCTGTTA","Pt15_POD1194"
"TCAGGATGTAGTGAAT","Pt15_POD1194"
"TCAGGATTCTACTATC","Pt15_POD1194"
"TCAGGATTCTGATTCT","Pt15_POD1194"
"TCAGGTAAGCGTCAAG","Pt15_POD1194"
"TCAGGTAAGGCTCAGA","Pt15_POD1194"
"TCAGGTAGTTGTCGCG","Pt15_POD1194"
"TCAGGTAGTTTGACTG","Pt15_POD1194"
"TCATTACAGGGCATGT","Pt15_POD1194"
"TCATTACGTAAATGTG","Pt15_POD1194"
"TCATTACTCACCATAG","Pt15_POD1194"
"TCATTACTCACCCTCA","Pt15_POD1194"
"TCATTTGAGATGTTAG","Pt15_POD1194"
"TCATTTGAGTCACGCC","Pt15_POD1194"
"TCATTTGCATGCCTAA","Pt15_POD1194"
"TCATTTGTCAACGGCC","Pt15_POD1194"
"TCCACACCACTGTTAG","Pt15_POD1194"
"TCCACACTCGACAGCC","Pt15_POD1194"
"TCCCGATAGCAACGGT","Pt15_POD1194"
"TCCCGATCAGACACTT","Pt15_POD1194"
"TCCCGATGTCAATGTC","Pt15_POD1194"
"TCCCGATGTTTGTTTC","Pt15_POD1194"
"TCGAGGCAGCCCAATT","Pt15_POD1194"
"TCGAGGCCAATGAATG","Pt15_POD1194"
"TCGAGGCCAGCCACCA","Pt15_POD1194"
"TCGAGGCCAGGACGTA","Pt15_POD1194"
"TCGAGGCCATCCAACA","Pt15_POD1194"
"TCGAGGCCATGTTCCC","Pt15_POD1194"
"TCGAGGCCATTGCGGC","Pt15_POD1194"
"TCGAGGCTCCCAAGAT","Pt15_POD1194"
"TCGCGAGCACGGTAAG","Pt15_POD1194"
"TCGCGAGGTACCGCTG","Pt15_POD1194"
"TCGCGAGGTAGCAAAT","Pt15_POD1194"
"TCGCGAGGTTTGACAC","Pt15_POD1194"
"TCGCGAGTCATCACCC","Pt15_POD1194"
"TCGCGAGTCCAAACAC","Pt15_POD1194"
"TCGCGAGTCGTCTGCT","Pt15_POD1194"
"TCGCGTTAGAGCTGGT","Pt15_POD1194"
"TCGCGTTAGGGCATGT","Pt15_POD1194"
"TCGCGTTAGGGTGTTG","Pt15_POD1194"
"TCGCGTTAGTGGACGT","Pt15_POD1194"
"TCGCGTTAGTGTACTC","Pt15_POD1194"
"TCGCGTTCAAGCGTAG","Pt15_POD1194"
"TCGCGTTCACGCGAAA","Pt15_POD1194"
"TCGCGTTCAGTGAGTG","Pt15_POD1194"
"TCGCGTTTCGCTTGTC","Pt15_POD1194"
"TCGCGTTTCGGTGTCG","Pt15_POD1194"
"TCGGGACAGACTTTCG","Pt15_POD1194"
"TCGGGACCACAAGACG","Pt15_POD1194"
"TCGGGACCATCGGTTA","Pt15_POD1194"
"TCGGGACCATGCCTTC","Pt15_POD1194"
"TCGGGACGTCTCACCT","Pt15_POD1194"
"TCGGGACTCTGGGCCA","Pt15_POD1194"
"TCGGGACTCTTGTCAT","Pt15_POD1194"
"TCGGTAAAGGGAAACA","Pt15_POD1194"
"TCGGTAACAATGAAAC","Pt15_POD1194"
"TCGGTAACAGACAAGC","Pt15_POD1194"
"TCGGTAACATCCAACA","Pt15_POD1194"
"TCGTACCAGAGTCTGG","Pt15_POD1194"
"TCGTACCAGATATGCA","Pt15_POD1194"
"TCGTACCAGCGATCCC","Pt15_POD1194"
"TCGTACCCAAGCCCAC","Pt15_POD1194"
"TCGTACCCACCAACCG","Pt15_POD1194"
"TCGTACCGTTCCCGAG","Pt15_POD1194"
"TCGTACCTCAGCCTAA","Pt15_POD1194"
"TCGTACCTCGAGCCCA","Pt15_POD1194"
"TCGTAGACAATGAAAC","Pt15_POD1194"
"TCGTAGACACTCAGGC","Pt15_POD1194"
"TCGTAGACAGTTTACG","Pt15_POD1194"
"TCGTAGAGTCTAGTGT","Pt15_POD1194"
"TCGTAGATCTTATCTG","Pt15_POD1194"
"TCTATTGCAGTTCCCT","Pt15_POD1194"
"TCTATTGGTCCAGTGC","Pt15_POD1194"
"TCTATTGGTGTTTGTG","Pt15_POD1194"
"TCTATTGTCCCTCTTT","Pt15_POD1194"
"TCTATTGTCCGCATCT","Pt15_POD1194"
"TCTATTGTCGACGGAA","Pt15_POD1194"
"TCTCATAAGATCCTGT","Pt15_POD1194"
"TCTCATAAGGTGTTAA","Pt15_POD1194"
"TCTCATAAGGTTACCT","Pt15_POD1194"
"TCTCATACACGGCGTT","Pt15_POD1194"
"TCTCATACAGACAGGT","Pt15_POD1194"
"TCTCATAGTCTAGCCG","Pt15_POD1194"
"TCTCATAGTTCAGTAC","Pt15_POD1194"
"TCTCATATCCCATTAT","Pt15_POD1194"
"TCTCATATCTGAGTGT","Pt15_POD1194"
"TCTCTAAAGCGTGTCC","Pt15_POD1194"
"TCTCTAAAGCTTTGGT","Pt15_POD1194"
"TCTCTAACACCATGTA","Pt15_POD1194"
"TCTCTAATCCTATGTT","Pt15_POD1194"
"TCTCTAATCTCTAGGA","Pt15_POD1194"
"TCTGAGAAGGTGCAAC","Pt15_POD1194"
"TCTGAGAAGTAGGTGC","Pt15_POD1194"
"TCTGAGATCAAAGTAG","Pt15_POD1194"
"TCTGAGATCGAACTGT","Pt15_POD1194"
"TCTGGAAAGAAAGTGG","Pt15_POD1194"
"TCTGGAAAGCCCTAAT","Pt15_POD1194"
"TCTGGAACACGCGAAA","Pt15_POD1194"
"TCTGGAATCGTCTGAA","Pt15_POD1194"
"TCTTCGGAGGAATGGA","Pt15_POD1194"
"TCTTCGGAGGAGTTTA","Pt15_POD1194"
"TCTTCGGAGGTACTCT","Pt15_POD1194"
"TCTTCGGGTTGTGGCC","Pt15_POD1194"
"TCTTCGGTCTGTCAAG","Pt15_POD1194"
"TCTTTCCAGACGCACA","Pt15_POD1194"
"TCTTTCCAGCGTCTAT","Pt15_POD1194"
"TCTTTCCGTAAGTGTA","Pt15_POD1194"
"TCTTTCCTCAAACCAC","Pt15_POD1194"
"TCTTTCCTCATGGTCA","Pt15_POD1194"
"TGAAAGAAGACTAGGC","Pt15_POD1194"
"TGAAAGAAGCTACCGC","Pt15_POD1194"
"TGAAAGACACGAAACG","Pt15_POD1194"
"TGAAAGATCAATCACG","Pt15_POD1194"
"TGAAAGATCCTAGAAC","Pt15_POD1194"
"TGACAACAGAAACGCC","Pt15_POD1194"
"TGACAACAGCTAACAA","Pt15_POD1194"
"TGACAACGTCCAGTAT","Pt15_POD1194"
"TGACAACGTCCAGTTA","Pt15_POD1194"
"TGACAACGTCCGAAGA","Pt15_POD1194"
"TGACAACGTTACGGAG","Pt15_POD1194"
"TGACAACTCGGCATCG","Pt15_POD1194"
"TGACGGCAGTTACGGG","Pt15_POD1194"
"TGACGGCCATACTCTT","Pt15_POD1194"
"TGACGGCTCGGAGGTA","Pt15_POD1194"
"TGACGGCTCGGCCGAT","Pt15_POD1194"
"TGACTAGAGTTAAGTG","Pt15_POD1194"
"TGACTAGCAGATGAGC","Pt15_POD1194"
"TGACTAGCAGGGTTAG","Pt15_POD1194"
"TGACTAGGTATGAATG","Pt15_POD1194"
"TGACTAGTCGCCAGCA","Pt15_POD1194"
"TGACTTTCATCAGTAC","Pt15_POD1194"
"TGACTTTGTCTAAAGA","Pt15_POD1194"
"TGAGAGGAGATCGATA","Pt15_POD1194"
"TGAGCATCAAGGTTTC","Pt15_POD1194"
"TGAGCATCATGGGACA","Pt15_POD1194"
"TGAGCATCATTGGTAC","Pt15_POD1194"
"TGAGCATGTAGCACGA","Pt15_POD1194"
"TGAGCATGTTACTGAC","Pt15_POD1194"
"TGAGCATTCAGGTTCA","Pt15_POD1194"
"TGAGCATTCGCGATCG","Pt15_POD1194"
"TGAGCATTCGGCTTGG","Pt15_POD1194"
"TGAGCATTCTTATCTG","Pt15_POD1194"
"TGAGCCGCAACTGGCC","Pt15_POD1194"
"TGAGCCGCAAGTACCT","Pt15_POD1194"
"TGAGCCGCAGGCTGAA","Pt15_POD1194"
"TGAGCCGGTCTGGAGA","Pt15_POD1194"
"TGAGCCGGTTCGTTGA","Pt15_POD1194"
"TGAGCCGTCGTCCAGG","Pt15_POD1194"
"TGAGCCGTCGTCGTTC","Pt15_POD1194"
"TGAGGGACAAACCTAC","Pt15_POD1194"
"TGAGGGACAACACCTA","Pt15_POD1194"
"TGAGGGACACGTAAGG","Pt15_POD1194"
"TGAGGGACACTCTGTC","Pt15_POD1194"
"TGAGGGACATCCCACT","Pt15_POD1194"
"TGAGGGAGTAATTGGA","Pt15_POD1194"
"TGAGGGAGTAGGAGTC","Pt15_POD1194"
"TGAGGGAGTAGGCTGA","Pt15_POD1194"
"TGAGGGATCAAGGTAA","Pt15_POD1194"
"TGAGGGATCCAACCAA","Pt15_POD1194"
"TGATTTCCAAGTCTGT","Pt15_POD1194"
"TGATTTCCACCCATGG","Pt15_POD1194"
"TGATTTCGTCTTCGTC","Pt15_POD1194"
"TGATTTCGTTATGCGT","Pt15_POD1194"
"TGATTTCTCAATAAGG","Pt15_POD1194"
"TGATTTCTCCAGAGGA","Pt15_POD1194"
"TGCACCTAGAGCTATA","Pt15_POD1194"
"TGCACCTCAAGTAATG","Pt15_POD1194"
"TGCACCTCAATAGCGG","Pt15_POD1194"
"TGCACCTCAGGTGGAT","Pt15_POD1194"
"TGCACCTCATCTATGG","Pt15_POD1194"
"TGCACCTGTGAAAGAG","Pt15_POD1194"
"TGCACCTTCCCATTAT","Pt15_POD1194"
"TGCACCTTCGGTTAAC","Pt15_POD1194"
"TGCACCTTCTTCCTTC","Pt15_POD1194"
"TGCACCTTCTTCGGTC","Pt15_POD1194"
"TGCCAAAAGCTGAACG","Pt15_POD1194"
"TGCCAAACATATGCTG","Pt15_POD1194"
"TGCCAAACATCAGTCA","Pt15_POD1194"
"TGCCAAAGTAATAGCA","Pt15_POD1194"
"TGCCAAAGTTCCGTCT","Pt15_POD1194"
"TGCCAAATCGTTTGCC","Pt15_POD1194"
"TGCCAAATCTTAACCT","Pt15_POD1194"
"TGCCCATAGATATGGT","Pt15_POD1194"
"TGCCCATGTTGCGTTA","Pt15_POD1194"
"TGCCCATGTTTGTGTG","Pt15_POD1194"
"TGCCCATTCAGCATGT","Pt15_POD1194"
"TGCCCATTCGCTTAGA","Pt15_POD1194"
"TGCCCTAAGAGACTAT","Pt15_POD1194"
"TGCCCTAAGATGTAAC","Pt15_POD1194"
"TGCCCTAAGTGCCATT","Pt15_POD1194"
"TGCCCTACAATAACGA","Pt15_POD1194"
"TGCCCTACATTGGGCC","Pt15_POD1194"
"TGCCCTAGTAAAGTCA","Pt15_POD1194"
"TGCCCTAGTCCAGTGC","Pt15_POD1194"
"TGCCCTATCAGCAACT","Pt15_POD1194"
"TGCCCTATCGACCAGC","Pt15_POD1194"
"TGCGCAGAGAGCAATT","Pt15_POD1194"
"TGCGCAGAGCGAGAAA","Pt15_POD1194"
"TGCGCAGAGCTAAGAT","Pt15_POD1194"
"TGCGCAGCAATAGAGT","Pt15_POD1194"
"TGCGCAGCAGGCTCAC","Pt15_POD1194"
"TGCGCAGGTCAACATC","Pt15_POD1194"
"TGCGCAGTCTAGCACA","Pt15_POD1194"
"TGCGGGTTCAGGTAAA","Pt15_POD1194"
"TGCGGGTTCCGAACGC","Pt15_POD1194"
"TGCGGGTTCTTTACGT","Pt15_POD1194"
"TGCGTGGAGTGGCACA","Pt15_POD1194"
"TGCGTGGCAAGCCATT","Pt15_POD1194"
"TGCGTGGCAGCTGGCT","Pt15_POD1194"
"TGCGTGGTCAGTTAGC","Pt15_POD1194"
"TGCGTGGTCTCCGGTT","Pt15_POD1194"
"TGCTACCCAAGTTGTC","Pt15_POD1194"
"TGCTACCCACATTTCT","Pt15_POD1194"
"TGCTACCGTATCAGTC","Pt15_POD1194"
"TGCTACCTCTCGCATC","Pt15_POD1194"
"TGCTGCTAGCGTGAGT","Pt15_POD1194"
"TGCTGCTAGCTACCTA","Pt15_POD1194"
"TGCTGCTAGGAGCGTT","Pt15_POD1194"
"TGCTGCTAGGAGTCTG","Pt15_POD1194"
"TGCTGCTAGTACGATA","Pt15_POD1194"
"TGCTGCTGTGCGATAG","Pt15_POD1194"
"TGCTGCTGTTCGTGAT","Pt15_POD1194"
"TGCTGCTTCACGATGT","Pt15_POD1194"
"TGCTGCTTCTGATACG","Pt15_POD1194"
"TGGACGCAGTACGTAA","Pt15_POD1194"
"TGGACGCAGTGGGTTG","Pt15_POD1194"
"TGGACGCCAACTGCGC","Pt15_POD1194"
"TGGACGCCACATGGGA","Pt15_POD1194"
"TGGACGCCATGTCGAT","Pt15_POD1194"
"TGGACGCGTTGCTCCT","Pt15_POD1194"
"TGGCCAGCAAGGGTCA","Pt15_POD1194"
"TGGCCAGTCACCCGAG","Pt15_POD1194"
"TGGCCAGTCTACCAGA","Pt15_POD1194"
"TGGCGCAAGAGACTAT","Pt15_POD1194"
"TGGCGCAAGATGGGTC","Pt15_POD1194"
"TGGCGCATCACTGGGC","Pt15_POD1194"
"TGGCGCATCGGGAGTA","Pt15_POD1194"
"TGGCGCATCGTGGACC","Pt15_POD1194"
"TGGCGCATCTTTACAC","Pt15_POD1194"
"TGGCTGGAGCGCCTTG","Pt15_POD1194"
"TGGCTGGAGGAACTGC","Pt15_POD1194"
"TGGCTGGCAGTCGATT","Pt15_POD1194"
"TGGCTGGCATCTCCCA","Pt15_POD1194"
"TGGCTGGTCCTTCAAT","Pt15_POD1194"
"TGGCTGGTCGAGCCCA","Pt15_POD1194"
"TGGGAAGCATGTAGTC","Pt15_POD1194"
"TGGGAAGGTATATGAG","Pt15_POD1194"
"TGGGAAGGTCACACGC","Pt15_POD1194"
"TGGGAAGGTCCATCCT","Pt15_POD1194"
"TGGGAAGTCTGACCTC","Pt15_POD1194"
"TGGGCGTAGCTAAACA","Pt15_POD1194"
"TGGGCGTGTGTCGCTG","Pt15_POD1194"
"TGGGCGTTCGCTTGTC","Pt15_POD1194"
"TGGTTAGAGTTCGCGC","Pt15_POD1194"
"TGGTTAGGTATGAAAC","Pt15_POD1194"
"TGGTTAGTCCCGGATG","Pt15_POD1194"
"TGGTTCCAGATGGGTC","Pt15_POD1194"
"TGGTTCCAGGACATTA","Pt15_POD1194"
"TGGTTCCGTAAGTAGT","Pt15_POD1194"
"TGGTTCCGTGCGCTTG","Pt15_POD1194"
"TGTATTCAGAAACCGC","Pt15_POD1194"
"TGTATTCGTAAGTGTA","Pt15_POD1194"
"TGTATTCGTCGAGTTT","Pt15_POD1194"
"TGTCCCAAGTACGCCC","Pt15_POD1194"
"TGTCCCACACGCCAGT","Pt15_POD1194"
"TGTCCCACAGATCCAT","Pt15_POD1194"
"TGTCCCAGTAAACGCG","Pt15_POD1194"
"TGTCCCAGTAACGACG","Pt15_POD1194"
"TGTCCCAGTCCATCCT","Pt15_POD1194"
"TGTCCCATCATTGCGA","Pt15_POD1194"
"TGTCCCATCTAAGCCA","Pt15_POD1194"
"TGTCCCATCTTAACCT","Pt15_POD1194"
"TGTGGTACAAAGTCAA","Pt15_POD1194"
"TGTGGTACAAATCCGT","Pt15_POD1194"
"TGTGGTAGTGATAAGT","Pt15_POD1194"
"TGTGTTTAGCCCGAAA","Pt15_POD1194"
"TGTGTTTAGTGTACCT","Pt15_POD1194"
"TGTGTTTCACCGAAAG","Pt15_POD1194"
"TGTGTTTCAGATGGCA","Pt15_POD1194"
"TGTGTTTCAGGGTACA","Pt15_POD1194"
"TGTGTTTCATGGTCTA","Pt15_POD1194"
"TGTGTTTGTATAAACG","Pt15_POD1194"
"TGTGTTTTCTACGAGT","Pt15_POD1194"
"TGTTCCGCAAGGGTCA","Pt15_POD1194"
"TTAACTCAGCCCTAAT","Pt15_POD1194"
"TTAACTCAGTTCCACA","Pt15_POD1194"
"TTAACTCCAAGGCTCC","Pt15_POD1194"
"TTAACTCGTATGAATG","Pt15_POD1194"
"TTAACTCTCAACTCTT","Pt15_POD1194"
"TTAACTCTCGCTGATA","Pt15_POD1194"
"TTAGGACCACGAAATA","Pt15_POD1194"
"TTAGGACTCGTCACGG","Pt15_POD1194"
"TTAGGCAAGACTCGGA","Pt15_POD1194"
"TTAGGCAAGGTGCAAC","Pt15_POD1194"
"TTAGGCAAGTGGACGT","Pt15_POD1194"
"TTAGGCACAAAGGAAG","Pt15_POD1194"
"TTAGGCACATATACGC","Pt15_POD1194"
"TTAGGCATCAATAAGG","Pt15_POD1194"
"TTAGGCATCGCCTGAG","Pt15_POD1194"
"TTAGTTCCAGCTTAAC","Pt15_POD1194"
"TTAGTTCCAGTAACGG","Pt15_POD1194"
"TTAGTTCGTGAAGGCT","Pt15_POD1194"
"TTATGCTAGCACGCCT","Pt15_POD1194"
"TTATGCTAGCCGATTT","Pt15_POD1194"
"TTATGCTAGCTAACAA","Pt15_POD1194"
"TTATGCTCAGATCTGT","Pt15_POD1194"
"TTATGCTCAGGGTTAG","Pt15_POD1194"
"TTATGCTGTAAAGGAG","Pt15_POD1194"
"TTATGCTGTCCAAGTT","Pt15_POD1194"
"TTATGCTTCGTTTAGG","Pt15_POD1194"
"TTATGCTTCTTAACCT","Pt15_POD1194"
"TTCCCAGCACATGTGT","Pt15_POD1194"
"TTCCCAGCATGGATGG","Pt15_POD1194"
"TTCCCAGGTAGGAGTC","Pt15_POD1194"
"TTCCCAGGTCACAAGG","Pt15_POD1194"
"TTCCCAGTCTGCCCTA","Pt15_POD1194"
"TTCGAAGCATGGTCAT","Pt15_POD1194"
"TTCGAAGGTCCAGTAT","Pt15_POD1194"
"TTCGAAGGTCTAAACC","Pt15_POD1194"
"TTCGAAGGTCTTTCAT","Pt15_POD1194"
"TTCGAAGGTTGAGTTC","Pt15_POD1194"
"TTCGAAGTCCCATTTA","Pt15_POD1194"
"TTCGGTCAGCGTGTCC","Pt15_POD1194"
"TTCGGTCGTCCTCCAT","Pt15_POD1194"
"TTCGGTCGTTCGTCTC","Pt15_POD1194"
"TTCGGTCTCGAATGGG","Pt15_POD1194"
"TTCGGTCTCGTTGACA","Pt15_POD1194"
"TTCTACAAGATGTCGG","Pt15_POD1194"
"TTCTACAAGTCATGCT","Pt15_POD1194"
"TTCTACACAAGAGTCG","Pt15_POD1194"
"TTCTACACACCCATTC","Pt15_POD1194"
"TTCTACACATAACCTG","Pt15_POD1194"
"TTCTACAGTAGAGTGC","Pt15_POD1194"
"TTCTACAGTCCGTCAG","Pt15_POD1194"
"TTCTACAGTGAAGGCT","Pt15_POD1194"
"TTCTACATCTGGTGTA","Pt15_POD1194"
"TTCTCAACAGGAACGT","Pt15_POD1194"
"TTCTCAACAGGATCGA","Pt15_POD1194"
"TTCTCAAGTAGCACGA","Pt15_POD1194"
"TTCTCAATCAACACGT","Pt15_POD1194"
"TTCTCAATCGCCATAA","Pt15_POD1194"
"TTCTCAATCTTTACAC","Pt15_POD1194"
"TTCTCCTAGCACCGTC","Pt15_POD1194"
"TTCTCCTAGCCAGAAC","Pt15_POD1194"
"TTCTCCTTCAGATAAG","Pt15_POD1194"
"TTCTCCTTCCACGTGG","Pt15_POD1194"
"TTCTCCTTCTTTACAC","Pt15_POD1194"
"TTCTTAGAGTGTGGCA","Pt15_POD1194"
"TTCTTAGTCAGGATCT","Pt15_POD1194"
"TTCTTAGTCTTGAGGT","Pt15_POD1194"
"TTGAACGCAAGCGAGT","Pt15_POD1194"
"TTGAACGCACTGTCGG","Pt15_POD1194"
"TTGAACGCATGCCACG","Pt15_POD1194"
"TTGAACGTCGTCCAGG","Pt15_POD1194"
"TTGAACGTCTTTACGT","Pt15_POD1194"
"TTGACTTAGAAACCGC","Pt15_POD1194"
"TTGACTTGTACCTACA","Pt15_POD1194"
"TTGACTTGTAGCTGCC","Pt15_POD1194"
"TTGACTTTCACGAAGG","Pt15_POD1194"
"TTGCCGTGTGGTCCGT","Pt15_POD1194"
"TTGCCGTTCCAGAGGA","Pt15_POD1194"
"TTGCGTCCAGTATCTG","Pt15_POD1194"
"TTGCGTCCATTATCTC","Pt15_POD1194"
"TTGGAACCAGCTCGCA","Pt15_POD1194"
"TTGGAACTCTCCGGTT","Pt15_POD1194"
"TTGGCAAAGGAGCGAG","Pt15_POD1194"
"TTGGCAAAGGTGGGTT","Pt15_POD1194"
"TTGGCAACAAGCGATG","Pt15_POD1194"
"TTGGCAAGTATATCCG","Pt15_POD1194"
"TTGGCAAGTCTAGAGG","Pt15_POD1194"
"TTGGCAATCGAGGTAG","Pt15_POD1194"
"TTGGCAATCTCGAGTA","Pt15_POD1194"
"TTGGCAATCTGCAAGT","Pt15_POD1194"
"TTGTAGGAGCAATCTC","Pt15_POD1194"
"TTGTAGGCAACACCTA","Pt15_POD1194"
"TTGTAGGTCAGGCCCA","Pt15_POD1194"
"TTTACTGAGCGTCAAG","Pt15_POD1194"
"TTTACTGAGCTGTTCA","Pt15_POD1194"
"TTTACTGGTAGCTGCC","Pt15_POD1194"
"TTTACTGGTCAACTGT","Pt15_POD1194"
"TTTACTGGTTCGCTAA","Pt15_POD1194"
"TTTACTGTCACCCGAG","Pt15_POD1194"
"TTTACTGTCAGTGCAT","Pt15_POD1194"
"TTTACTGTCTCGCTTG","Pt15_POD1194"
"TTTATGCAGACACGAC","Pt15_POD1194"
"TTTATGCAGCTACCGC","Pt15_POD1194"
"TTTATGCCAGACAGGT","Pt15_POD1194"
"TTTATGCGTGCGCTTG","Pt15_POD1194"
"TTTATGCTCGACAGCC","Pt15_POD1194"
"TTTATGCTCGTTTGCC","Pt15_POD1194"
"TTTATGCTCTAACGGT","Pt15_POD1194"
"TTTCCTCAGCCAGTAG","Pt15_POD1194"
"TTTCCTCCACGAGAGT","Pt15_POD1194"
"TTTCCTCCACGCGAAA","Pt15_POD1194"
"TTTCCTCGTGCCTGCA","Pt15_POD1194"
"TTTCCTCGTGCGATAG","Pt15_POD1194"
"TTTCCTCGTGTGGCTC","Pt15_POD1194"
"TTTCCTCTCGCTAGCG","Pt15_POD1194"
"TTTCCTCTCTTGCCGT","Pt15_POD1194"
"TTTGCGCAGATATACG","Pt15_POD1194"
"TTTGCGCCAAGCGATG","Pt15_POD1194"
"TTTGCGCGTGTAATGA","Pt15_POD1194"
"TTTGCGCTCCGATATG","Pt15_POD1194"
"TTTGCGCTCTCGTATT","Pt15_POD1194"
"TTTGGTTCACCGCTAG","Pt15_POD1194"
"TTTGGTTGTCAAACTC","Pt15_POD1194"
"TTTGGTTGTCCGAAGA","Pt15_POD1194"
"TTTGGTTGTCTTGCGG","Pt15_POD1194"
"TTTGGTTGTGGTTTCA","Pt15_POD1194"
"TTTGGTTGTTCGGGCT","Pt15_POD1194"
"TTTGGTTTCACTTATC","Pt15_POD1194"
"TTTGGTTTCTGCGACG","Pt15_POD1194"
"TTTGTCAAGAGACTTA","Pt15_POD1194"
"TTTGTCACACAACTGT","Pt15_POD1194"
"TTTGTCACATGCCACG","Pt15_POD1194"
"TTTGTCAGTTATCCGA","Pt15_POD1194"
"TTTGTCATCAAGAAGT","Pt15_POD1194"
"TTTGTCATCCCGGATG","Pt15_POD1194"
